Delivery_ID,Pickup_DateTime,Weekday,Hour,Package_Type,Distance,Delivery_Zone,Weather_Condition,Actual_Delivery_Time,Status
SC-DEL-00001,2025-08-02 22:10:25,Saturday,22,Extra Large,41.56,Industrial,Stormy,124.06,On-time
SC-DEL-00002,2025-07-09 12:20:19,Wednesday,12,Special,10.45,Industrial,Snowy,76.54,On-time
SC-DEL-00003,2025-07-13 10:44:05,Sunday,10,Large,54.3,Shopping Center,Cloudy,142.55,On-time
SC-DEL-00004,2025-06-14 13:32:17,Saturday,13,Small,59.98,Suburban,Snowy,104.46,On-time
SC-DEL-00005,2025-06-02 12:45:39,Monday,12,Extra Large,23.6,Industrial,Stormy,59.25,On-time
SC-DEL-00006,2025-06-10 05:17:37,Tuesday,5,Large,10.78,Industrial,Rainy,70.39,On-time
SC-DEL-00007,2025-08-07 12:06:16,Thursday,12,Small,52.16,Shopping Center,Rainy,130.09,On-time
SC-DEL-00008,2025-07-26 03:39:03,Saturday,3,Extra Large,19.82,Urban,Rainy,50.09,On-time
SC-DEL-00009,2025-08-18 15:06:13,Monday,15,Large,12.92,Rural,Stormy,37.32,On-time
SC-DEL-00010,2025-07-20 13:57:40,Sunday,13,Large,46.74,Shopping Center,Snowy,102.46,On-time
SC-DEL-00011,2025-06-29 03:30:04,Sunday,3,Large,34.39,Rural,Sunny,69.45,On-time
SC-DEL-00012,2025-08-02 06:00:36,Saturday,6,Small,41.6,Urban,Stormy,99.12,On-time
SC-DEL-00013,2025-07-28 13:34:45,Monday,13,Small,17.12,Industrial,Snowy,77.26,On-time
SC-DEL-00014,2025-07-09 11:32:18,Wednesday,11,Special,18.99,Suburban,Cloudy,61.27,On-time
SC-DEL-00015,2025-07-17 08:32:27,Thursday,8,Medium,30.17,Urban,Rainy,99.00,On-time
SC-DEL-00016,2025-08-17 08:31:44,Sunday,8,Special,47.46,Rural,Rainy,101.13,On-time
SC-DEL-00017,2025-07-20 04:05:55,Sunday,4,Small,55.46,Shopping Center,Sunny,137.01,Delayed
SC-DEL-00018,2025-06-05 23:36:05,Thursday,23,Extra Large,25.16,Suburban,Snowy,83.21,On-time
SC-DEL-00019,2025-06-08 23:30:41,Sunday,23,Large,67.65,Shopping Center,Stormy,117.42,On-time
SC-DEL-00020,2025-05-31 18:10:18,Saturday,18,Large,65.2,Urban,Rainy,109.34,On-time
SC-DEL-00021,2025-06-29 13:03:55,Sunday,13,Extra Large,35.62,Industrial,Rainy,88.27,On-time
SC-DEL-00022,2025-06-27 03:31:30,Friday,3,Small,49.06,Suburban,Sunny,98.27,On-time
SC-DEL-00023,2025-07-08 17:29:52,Tuesday,17,Large,71.33,Urban,Cloudy,120.16,On-time
SC-DEL-00024,2025-07-12 02:34:51,Saturday,2,Extra Large,35.32,Industrial,Cloudy,112.33,On-time
SC-DEL-00025,2025-07-07 11:18:22,Monday,11,Medium,17.36,Industrial,Rainy,42.26,On-time
SC-DEL-00026,2025-06-28 03:59:47,Saturday,3,Extra Large,14.8,Industrial,Rainy,76.45,On-time
SC-DEL-00027,2025-06-30 23:28:58,Monday,23,Extra Large,31.67,Industrial,Sunny,81.52,On-time
SC-DEL-00028,2025-07-09 16:38:49,Wednesday,16,Medium,41.56,Shopping Center,Stormy,123.52,On-time
SC-DEL-00029,2025-06-24 23:58:03,Tuesday,23,Special,67.65,Urban,Rainy,139.47,On-time
SC-DEL-00030,2025-06-12 23:01:40,Thursday,23,Extra Large,54.03,Suburban,Snowy,104.10,On-time
SC-DEL-00031,2025-06-11 13:50:24,Wednesday,13,Medium,39.01,Shopping Center,Cloudy,85.48,On-time
SC-DEL-00032,2025-07-05 23:45:20,Saturday,23,Special,3.28,Urban,Sunny,23.51,On-time
SC-DEL-00033,2025-06-12 13:56:16,Thursday,13,Extra Large,1.56,Suburban,Cloudy,56.32,On-time
SC-DEL-00034,2025-06-16 20:51:51,Monday,20,Special,29.21,Urban,Rainy,106.27,On-time
SC-DEL-00035,2025-06-28 23:19:49,Saturday,23,Special,40.41,Urban,Rainy,110.45,On-time
SC-DEL-00036,2025-08-18 22:38:26,Monday,22,Large,73.22,Suburban,Rainy,140.24,On-time
SC-DEL-00037,2025-08-01 18:55:05,Friday,18,Large,11.76,Suburban,Cloudy,65.42,On-time
SC-DEL-00038,2025-07-14 13:15:20,Monday,13,Small,24.86,Rural,Rainy,81.22,On-time
SC-DEL-00039,2025-08-06 01:16:18,Wednesday,1,Small,7.3,Shopping Center,Snowy,29.38,On-time
SC-DEL-00040,2025-07-24 06:49:46,Thursday,6,Large,47.08,Suburban,Stormy,81.26,On-time
SC-DEL-00041,2025-08-01 01:46:55,Friday,1,Medium,25.57,Industrial,Rainy,58.30,On-time
SC-DEL-00042,2025-07-20 13:13:09,Sunday,13,Large,73.25,Industrial,Snowy,128.01,On-time
SC-DEL-00043,2025-06-01 22:02:39,Sunday,22,Extra Large,4.2,Industrial,Cloudy,34.01,On-time
SC-DEL-00044,2025-06-23 09:45:02,Monday,9,Medium,41.16,Rural,Stormy,113.32,On-time
SC-DEL-00045,2025-07-09 23:38:24,Wednesday,23,Medium,11.32,Urban,Sunny,64.42,On-time
SC-DEL-00046,2025-08-18 02:58:32,Monday,2,Large,8.3,Shopping Center,Snowy,66.55,On-time
SC-DEL-00047,2025-06-12 23:12:58,Thursday,23,Special,54.73,Suburban,Snowy,125.37,On-time
SC-DEL-00048,2025-06-12 20:28:57,Thursday,20,Extra Large,45.64,Rural,Rainy,84.50,On-time
SC-DEL-00049,2025-07-05 18:35:39,Saturday,18,Small,40.39,Urban,Sunny,87.21,On-time
SC-DEL-00050,2025-07-26 09:54:05,Saturday,9,Large,52.04,Shopping Center,Cloudy,115.50,On-time
SC-DEL-00051,2025-07-06 22:44:30,Sunday,22,Large,66.03,Industrial,Snowy,157.13,On-time
SC-DEL-00052,2025-07-12 17:03:40,Saturday,17,Small,27.86,Suburban,Stormy,80.28,On-time
SC-DEL-00053,2025-06-07 17:48:49,Saturday,17,Large,34.15,Urban,Cloudy,85.00,On-time
SC-DEL-00054,2025-08-13 22:39:33,Wednesday,22,Extra Large,20.22,Suburban,Snowy,42.43,On-time
SC-DEL-00055,2025-07-20 04:42:13,Sunday,4,Extra Large,73.17,Industrial,Sunny,166.10,On-time
SC-DEL-00056,2025-05-26 06:06:09,Monday,6,Medium,33.78,Urban,Rainy,64.27,On-time
SC-DEL-00057,2025-06-08 10:59:34,Sunday,10,Large,5.46,Industrial,Snowy,51.50,On-time
SC-DEL-00058,2025-06-22 01:53:25,Sunday,1,Medium,40.38,Urban,Stormy,117.58,On-time
SC-DEL-00059,2025-07-14 09:29:52,Monday,9,Special,11.33,Rural,Stormy,78.22,On-time
SC-DEL-00060,2025-07-15 18:37:32,Tuesday,18,Extra Large,15.26,Rural,Sunny,42.39,On-time
SC-DEL-00061,2025-06-27 17:26:06,Friday,17,Small,5.92,Urban,Stormy,24.56,On-time
SC-DEL-00062,2025-06-30 23:15:46,Monday,23,Medium,47.18,Rural,Sunny,128.41,On-time
SC-DEL-00063,2025-07-12 02:40:40,Saturday,2,Medium,70.31,Rural,Cloudy,143.45,On-time
SC-DEL-00064,2025-08-09 07:00:02,Saturday,7,Large,55.39,Industrial,Cloudy,99.04,On-time
SC-DEL-00065,2025-07-06 06:06:58,Sunday,6,Small,45.34,Rural,Snowy,106.24,On-time
SC-DEL-00066,2025-05-30 12:25:10,Friday,12,Extra Large,56.85,Shopping Center,Sunny,137.29,On-time
SC-DEL-00067,2025-06-25 18:43:29,Wednesday,18,Extra Large,8.49,Suburban,Sunny,37.11,On-time
SC-DEL-00068,2025-08-01 20:21:05,Friday,20,Special,57.95,Shopping Center,Cloudy,138.48,On-time
SC-DEL-00069,2025-08-18 01:33:47,Monday,1,Extra Large,23.93,Urban,Snowy,65.23,On-time
SC-DEL-00070,2025-06-08 19:52:46,Sunday,19,Extra Large,71.23,Rural,Sunny,124.27,On-time
SC-DEL-00071,2025-08-02 05:51:20,Saturday,5,Special,12.09,Rural,Sunny,67.27,On-time
SC-DEL-00072,2025-07-22 19:59:45,Tuesday,19,Medium,9.24,Urban,Stormy,47.02,On-time
SC-DEL-00073,2025-06-01 11:47:00,Sunday,11,Medium,45.71,Shopping Center,Snowy,131.22,On-time
SC-DEL-00074,2025-08-06 00:31:38,Wednesday,0,Small,46.37,Rural,Stormy,86.49,On-time
SC-DEL-00075,2025-06-21 16:29:20,Saturday,16,Extra Large,8.88,Industrial,Cloudy,29.12,On-time
SC-DEL-00076,2025-08-06 03:12:28,Wednesday,3,Small,11.76,Rural,Snowy,45.45,On-time
SC-DEL-00077,2025-05-23 06:17:08,Friday,6,Large,21.42,Suburban,Cloudy,48.57,On-time
SC-DEL-00078,2025-05-24 21:26:12,Saturday,21,Extra Large,43.33,Suburban,Sunny,119.57,On-time
SC-DEL-00079,2025-08-02 08:45:06,Saturday,8,Small,3.6,Rural,Cloudy,53.02,On-time
SC-DEL-00080,2025-08-06 08:47:31,Wednesday,8,Large,14.75,Urban,Snowy,83.45,On-time
SC-DEL-00081,2025-08-11 21:04:56,Monday,21,Extra Large,50.93,Shopping Center,Sunny,91.45,On-time
SC-DEL-00082,2025-06-23 14:10:00,Monday,14,Small,43.74,Rural,Sunny,80.28,On-time
SC-DEL-00083,2025-07-04 12:30:22,Friday,12,Large,66.85,Suburban,Rainy,118.29,On-time
SC-DEL-00084,2025-08-02 16:03:34,Saturday,16,Small,61.84,Suburban,Snowy,113.37,On-time
SC-DEL-00085,2025-06-14 19:45:19,Saturday,19,Extra Large,17.22,Urban,Rainy,38.49,On-time
SC-DEL-00086,2025-06-11 22:52:09,Wednesday,22,Large,9.87,Urban,Cloudy,48.01,On-time
SC-DEL-00087,2025-08-15 17:14:51,Friday,17,Extra Large,9.15,Shopping Center,Sunny,57.06,On-time
SC-DEL-00088,2025-06-08 04:26:06,Sunday,4,Special,25.57,Urban,Stormy,58.17,On-time
SC-DEL-00089,2025-08-07 05:55:59,Thursday,5,Medium,54.06,Suburban,Stormy,113.47,On-time
SC-DEL-00090,2025-06-27 11:26:26,Friday,11,Extra Large,21.28,Urban,Stormy,88.47,On-time
SC-DEL-00091,2025-07-29 17:32:44,Tuesday,17,Large,62.51,Suburban,Snowy,142.37,On-time
SC-DEL-00092,2025-07-21 17:41:15,Monday,17,Small,69.89,Urban,Sunny,168.48,On-time
SC-DEL-00093,2025-07-30 15:57:06,Wednesday,15,Small,54.8,Urban,Cloudy,120.58,On-time
SC-DEL-00094,2025-07-25 00:28:58,Friday,0,Large,6.8,Shopping Center,Snowy,51.02,On-time
SC-DEL-00095,2025-07-18 14:14:24,Friday,14,Special,20.07,Suburban,Cloudy,45.58,On-time
SC-DEL-00096,2025-06-09 19:39:02,Monday,19,Extra Large,3.57,Suburban,Sunny,19.00,On-time
SC-DEL-00097,2025-07-13 08:14:43,Sunday,8,Small,68.69,Industrial,Snowy,164.05,On-time
SC-DEL-00098,2025-07-22 12:24:21,Tuesday,12,Extra Large,65.85,Suburban,Stormy,132.10,On-time
SC-DEL-00099,2025-05-26 18:43:19,Monday,18,Extra Large,39.09,Urban,Snowy,114.00,On-time
SC-DEL-00100,2025-07-12 18:20:12,Saturday,18,Small,40.6,Urban,Sunny,77.21,On-time
SC-DEL-00101,2025-06-06 17:05:13,Friday,17,Small,29.85,Rural,Snowy,77.22,On-time
SC-DEL-00102,2025-07-31 14:28:09,Thursday,14,Special,21.58,Suburban,Cloudy,90.52,On-time
SC-DEL-00103,2025-06-28 11:12:29,Saturday,11,Small,21.15,Rural,Stormy,60.27,On-time
SC-DEL-00104,2025-06-13 00:26:56,Friday,0,Small,56.72,Shopping Center,Cloudy,118.48,On-time
SC-DEL-00105,2025-06-27 09:22:09,Friday,9,Large,27.7,Shopping Center,Rainy,82.58,On-time
SC-DEL-00106,2025-06-17 00:23:41,Tuesday,0,Medium,44.14,Rural,Sunny,106.36,On-time
SC-DEL-00107,2025-07-04 13:41:43,Friday,13,Extra Large,56.45,Rural,Sunny,115.04,On-time
SC-DEL-00108,2025-05-26 06:00:54,Monday,6,Large,4.21,Urban,Rainy,48.37,On-time
SC-DEL-00109,2025-08-08 20:56:28,Friday,20,Small,70.36,Shopping Center,Sunny,146.55,On-time
SC-DEL-00110,2025-08-06 19:56:54,Wednesday,19,Medium,61.11,Rural,Stormy,128.10,On-time
SC-DEL-00111,2025-08-06 20:46:12,Wednesday,20,Extra Large,12.57,Rural,Cloudy,33.27,On-time
SC-DEL-00112,2025-07-29 09:53:20,Tuesday,9,Medium,64.02,Urban,Rainy,155.55,On-time
SC-DEL-00113,2025-08-14 01:10:37,Thursday,1,Large,38.52,Industrial,Rainy,90.23,On-time
SC-DEL-00114,2025-05-28 10:43:43,Wednesday,10,Special,58.06,Shopping Center,Sunny,130.05,On-time
SC-DEL-00115,2025-08-07 07:38:45,Thursday,7,Small,16.49,Shopping Center,Rainy,43.58,On-time
SC-DEL-00116,2025-06-03 12:58:15,Tuesday,12,Small,67.28,Urban,Cloudy,160.00,Delayed
SC-DEL-00117,2025-05-30 19:50:08,Friday,19,Extra Large,41.52,Urban,Stormy,91.53,On-time
SC-DEL-00118,2025-05-30 11:35:54,Friday,11,Large,34.36,Shopping Center,Rainy,96.20,On-time
SC-DEL-00119,2025-07-07 04:46:59,Monday,4,Special,34.67,Industrial,Sunny,82.09,On-time
SC-DEL-00120,2025-05-23 14:35:44,Friday,14,Large,28.16,Suburban,Snowy,91.39,On-time
SC-DEL-00121,2025-06-20 05:06:03,Friday,5,Extra Large,11.43,Industrial,Rainy,33.19,On-time
SC-DEL-00122,2025-08-11 05:38:22,Monday,5,Medium,8.6,Rural,Stormy,29.47,On-time
SC-DEL-00123,2025-08-05 19:55:25,Tuesday,19,Extra Large,10.83,Suburban,Rainy,64.43,On-time
SC-DEL-00124,2025-07-20 16:35:25,Sunday,16,Medium,11.81,Urban,Rainy,54.52,On-time
SC-DEL-00125,2025-08-08 11:47:13,Friday,11,Small,52.44,Suburban,Sunny,127.30,Delayed
SC-DEL-00126,2025-06-28 13:56:24,Saturday,13,Extra Large,13.54,Suburban,Rainy,46.45,On-time
SC-DEL-00127,2025-06-20 01:46:28,Friday,1,Medium,63.83,Urban,Cloudy,126.57,On-time
SC-DEL-00128,2025-08-02 06:06:51,Saturday,6,Special,70.49,Suburban,Stormy,150.31,On-time
SC-DEL-00129,2025-07-27 10:58:25,Sunday,10,Small,22.89,Industrial,Cloudy,69.21,Delayed
SC-DEL-00130,2025-05-28 16:35:13,Wednesday,16,Medium,19.64,Industrial,Cloudy,71.20,Delayed
SC-DEL-00131,2025-06-18 15:34:05,Wednesday,15,Medium,38.02,Shopping Center,Stormy,85.34,On-time
SC-DEL-00132,2025-07-23 08:32:05,Wednesday,8,Extra Large,64.61,Industrial,Snowy,161.29,On-time
SC-DEL-00133,2025-08-13 06:38:57,Wednesday,6,Small,33.37,Rural,Snowy,93.17,On-time
SC-DEL-00134,2025-06-23 07:48:29,Monday,7,Extra Large,15.53,Rural,Snowy,67.57,On-time
SC-DEL-00135,2025-07-20 20:10:29,Sunday,20,Small,72.74,Urban,Cloudy,139.26,On-time
SC-DEL-00136,2025-06-28 04:17:39,Saturday,4,Large,60.84,Urban,Rainy,139.20,On-time
SC-DEL-00137,2025-08-06 17:13:46,Wednesday,17,Medium,32.02,Rural,Rainy,106.39,On-time
SC-DEL-00138,2025-07-04 19:10:25,Friday,19,Extra Large,35.56,Rural,Rainy,116.17,On-time
SC-DEL-00139,2025-07-29 06:08:09,Tuesday,6,Extra Large,60.32,Industrial,Sunny,107.21,On-time
SC-DEL-00140,2025-06-01 14:32:35,Sunday,14,Special,69.21,Urban,Cloudy,168.20,On-time
SC-DEL-00141,2025-08-01 06:50:45,Friday,6,Small,53.65,Rural,Sunny,121.33,On-time
SC-DEL-00142,2025-06-04 17:36:50,Wednesday,17,Large,19.15,Industrial,Rainy,41.13,On-time
SC-DEL-00143,2025-06-11 18:35:10,Wednesday,18,Extra Large,43.88,Urban,Snowy,125.55,On-time
SC-DEL-00144,2025-06-25 19:42:23,Wednesday,19,Medium,50.22,Shopping Center,Stormy,89.40,On-time
SC-DEL-00145,2025-06-09 16:00:28,Monday,16,Medium,70.75,Suburban,Stormy,118.09,On-time
SC-DEL-00146,2025-06-22 23:27:54,Sunday,23,Large,37.47,Shopping Center,Snowy,77.02,On-time
SC-DEL-00147,2025-05-31 16:03:27,Saturday,16,Special,32.79,Industrial,Snowy,84.31,On-time
SC-DEL-00148,2025-07-07 23:21:29,Monday,23,Extra Large,55.05,Rural,Stormy,119.02,On-time
SC-DEL-00149,2025-06-07 00:30:44,Saturday,0,Small,41.23,Suburban,Snowy,117.07,On-time
SC-DEL-00150,2025-07-21 09:21:59,Monday,9,Medium,53.06,Urban,Sunny,95.15,On-time
SC-DEL-00151,2025-06-14 16:16:06,Saturday,16,Large,70.52,Rural,Sunny,126.24,On-time
SC-DEL-00152,2025-05-25 07:20:01,Sunday,7,Large,14.61,Rural,Rainy,34.45,On-time
SC-DEL-00153,2025-07-10 11:06:08,Thursday,11,Special,74.2,Shopping Center,Stormy,159.12,On-time
SC-DEL-00154,2025-06-08 19:53:06,Sunday,19,Small,12.5,Industrial,Sunny,37.04,On-time
SC-DEL-00155,2025-08-02 14:51:23,Saturday,14,Large,52.77,Rural,Cloudy,102.22,On-time
SC-DEL-00156,2025-07-17 19:20:53,Thursday,19,Small,24.15,Suburban,Sunny,71.55,On-time
SC-DEL-00157,2025-08-14 12:02:50,Thursday,12,Small,71.74,Industrial,Snowy,171.03,On-time
SC-DEL-00158,2025-06-24 15:45:32,Tuesday,15,Extra Large,50.23,Urban,Cloudy,95.25,On-time
SC-DEL-00159,2025-08-15 06:11:03,Friday,6,Special,61.09,Industrial,Rainy,108.08,On-time
SC-DEL-00160,2025-06-22 19:00:36,Sunday,19,Small,19.6,Urban,Sunny,53.45,On-time
SC-DEL-00161,2025-07-03 14:11:42,Thursday,14,Small,9.25,Urban,Snowy,30.35,On-time
SC-DEL-00162,2025-06-06 14:35:00,Friday,14,Extra Large,58.78,Rural,Rainy,112.10,On-time
SC-DEL-00163,2025-06-28 11:15:14,Saturday,11,Large,60.51,Rural,Stormy,151.25,On-time
SC-DEL-00164,2025-06-12 05:53:04,Thursday,5,Large,49.92,Rural,Snowy,137.46,On-time
SC-DEL-00165,2025-07-02 13:32:58,Wednesday,13,Special,2.98,Rural,Snowy,35.01,On-time
SC-DEL-00166,2025-08-01 13:52:39,Friday,13,Extra Large,33.13,Suburban,Cloudy,89.25,On-time
SC-DEL-00167,2025-07-17 11:55:31,Thursday,11,Extra Large,11.51,Industrial,Sunny,55.31,On-time
SC-DEL-00168,2025-06-21 15:12:47,Saturday,15,Large,57.7,Rural,Snowy,144.09,On-time
SC-DEL-00169,2025-08-01 12:12:46,Friday,12,Special,18.15,Suburban,Rainy,52.30,On-time
SC-DEL-00170,2025-07-16 08:53:47,Wednesday,8,Medium,58.0,Shopping Center,Stormy,131.53,On-time
SC-DEL-00171,2025-07-08 02:02:50,Tuesday,2,Small,17.39,Suburban,Snowy,45.54,On-time
SC-DEL-00172,2025-07-21 13:59:45,Monday,13,Extra Large,28.54,Shopping Center,Sunny,93.05,On-time
SC-DEL-00173,2025-07-08 16:07:40,Tuesday,16,Small,45.29,Rural,Cloudy,93.43,On-time
SC-DEL-00174,2025-08-04 01:33:12,Monday,1,Special,62.19,Rural,Sunny,116.35,On-time
SC-DEL-00175,2025-08-09 11:12:20,Saturday,11,Small,61.55,Urban,Stormy,106.51,On-time
SC-DEL-00176,2025-08-16 12:37:19,Saturday,12,Special,33.27,Rural,Cloudy,97.37,On-time
SC-DEL-00177,2025-05-31 16:41:57,Saturday,16,Small,57.66,Rural,Snowy,111.16,On-time
SC-DEL-00178,2025-08-13 10:20:41,Wednesday,10,Medium,24.77,Urban,Sunny,91.10,On-time
SC-DEL-00179,2025-06-27 22:28:16,Friday,22,Medium,69.37,Urban,Stormy,163.46,On-time
SC-DEL-00180,2025-06-04 13:47:42,Wednesday,13,Extra Large,12.14,Shopping Center,Rainy,37.37,On-time
SC-DEL-00181,2025-07-17 00:10:41,Thursday,0,Large,53.65,Industrial,Stormy,119.03,On-time
SC-DEL-00182,2025-06-05 21:46:06,Thursday,21,Extra Large,73.98,Suburban,Stormy,148.35,On-time
SC-DEL-00183,2025-06-18 16:06:03,Wednesday,16,Small,56.02,Shopping Center,Rainy,109.51,On-time
SC-DEL-00184,2025-07-30 21:20:55,Wednesday,21,Extra Large,5.67,Shopping Center,Snowy,63.17,On-time
SC-DEL-00185,2025-07-21 15:32:25,Monday,15,Large,15.54,Rural,Cloudy,36.43,On-time
SC-DEL-00186,2025-05-26 17:59:20,Monday,17,Extra Large,8.89,Urban,Rainy,78.11,On-time
SC-DEL-00187,2025-07-07 15:17:02,Monday,15,Small,73.0,Rural,Stormy,168.43,On-time
SC-DEL-00188,2025-06-22 14:53:33,Sunday,14,Small,54.35,Rural,Snowy,93.35,On-time
SC-DEL-00189,2025-05-26 01:36:15,Monday,1,Special,36.22,Urban,Stormy,111.28,On-time
SC-DEL-00190,2025-07-15 06:06:32,Tuesday,6,Large,7.15,Suburban,Cloudy,48.36,On-time
SC-DEL-00191,2025-05-24 00:00:16,Saturday,0,Extra Large,61.89,Urban,Stormy,119.32,On-time
SC-DEL-00192,2025-07-14 00:02:49,Monday,0,Extra Large,64.77,Industrial,Cloudy,120.39,On-time
SC-DEL-00193,2025-07-12 04:09:25,Saturday,4,Medium,50.77,Suburban,Rainy,125.13,On-time
SC-DEL-00194,2025-07-02 02:29:31,Wednesday,2,Small,24.09,Urban,Stormy,54.01,On-time
SC-DEL-00195,2025-08-11 02:50:39,Monday,2,Special,7.46,Shopping Center,Rainy,64.52,On-time
SC-DEL-00196,2025-07-16 17:39:22,Wednesday,17,Small,10.05,Suburban,Rainy,51.31,On-time
SC-DEL-00197,2025-07-20 13:59:42,Sunday,13,Special,34.0,Suburban,Snowy,96.20,On-time
SC-DEL-00198,2025-08-01 12:22:12,Friday,12,Extra Large,64.62,Industrial,Rainy,118.05,On-time
SC-DEL-00199,2025-05-25 23:56:28,Sunday,23,Special,59.91,Urban,Stormy,145.53,On-time
SC-DEL-00200,2025-06-10 16:00:42,Tuesday,16,Special,67.27,Rural,Snowy,139.16,On-time
SC-DEL-00201,2025-08-16 08:13:07,Saturday,8,Medium,25.24,Rural,Stormy,73.59,On-time
SC-DEL-00202,2025-08-17 12:35:50,Sunday,12,Medium,73.58,Urban,Snowy,172.42,On-time
SC-DEL-00203,2025-06-06 10:25:16,Friday,10,Special,10.14,Industrial,Rainy,41.56,On-time
SC-DEL-00204,2025-08-02 20:13:24,Saturday,20,Large,48.05,Rural,Rainy,121.38,On-time
SC-DEL-00205,2025-07-08 19:58:40,Tuesday,19,Small,38.2,Rural,Rainy,94.06,On-time
SC-DEL-00206,2025-07-13 03:01:50,Sunday,3,Large,17.07,Suburban,Sunny,64.40,On-time
SC-DEL-00207,2025-05-21 12:19:55,Wednesday,12,Special,74.13,Rural,Rainy,137.19,On-time
SC-DEL-00208,2025-06-10 19:02:26,Tuesday,19,Large,4.05,Urban,Cloudy,19.19,On-time
SC-DEL-00209,2025-05-31 10:07:47,Saturday,10,Large,26.0,Industrial,Sunny,75.16,Delayed
SC-DEL-00210,2025-08-05 05:54:24,Tuesday,5,Extra Large,29.62,Urban,Stormy,66.47,On-time
SC-DEL-00211,2025-06-10 00:37:21,Tuesday,0,Extra Large,28.84,Suburban,Rainy,72.42,On-time
SC-DEL-00212,2025-08-09 04:51:02,Saturday,4,Small,51.15,Industrial,Cloudy,141.36,Delayed
SC-DEL-00213,2025-07-10 08:18:00,Thursday,8,Large,37.15,Rural,Sunny,115.34,On-time
SC-DEL-00214,2025-07-01 04:33:40,Tuesday,4,Extra Large,53.99,Rural,Sunny,133.51,On-time
SC-DEL-00215,2025-06-20 14:25:05,Friday,14,Large,72.39,Shopping Center,Stormy,168.15,On-time
SC-DEL-00216,2025-07-03 09:52:14,Thursday,9,Special,16.35,Urban,Snowy,52.08,On-time
SC-DEL-00217,2025-07-21 09:51:58,Monday,9,Extra Large,11.73,Industrial,Sunny,72.45,On-time
SC-DEL-00218,2025-07-25 13:45:21,Friday,13,Extra Large,13.48,Urban,Cloudy,61.57,On-time
SC-DEL-00219,2025-08-04 20:16:52,Monday,20,Small,54.19,Shopping Center,Sunny,93.45,On-time
SC-DEL-00220,2025-08-10 18:21:24,Sunday,18,Large,39.69,Shopping Center,Rainy,123.50,On-time
SC-DEL-00221,2025-07-04 16:13:22,Friday,16,Small,29.12,Rural,Sunny,104.52,Delayed
SC-DEL-00222,2025-08-14 07:55:48,Thursday,7,Large,19.92,Industrial,Stormy,91.09,On-time
SC-DEL-00223,2025-08-12 06:24:38,Tuesday,6,Large,44.37,Industrial,Cloudy,128.47,On-time
SC-DEL-00224,2025-08-12 03:05:53,Tuesday,3,Medium,55.59,Urban,Rainy,140.35,On-time
SC-DEL-00225,2025-07-30 22:26:58,Wednesday,22,Extra Large,67.23,Suburban,Rainy,152.43,On-time
SC-DEL-00226,2025-06-21 08:50:40,Saturday,8,Special,65.94,Industrial,Stormy,147.34,On-time
SC-DEL-00227,2025-06-28 12:48:34,Saturday,12,Extra Large,40.28,Suburban,Cloudy,92.03,On-time
SC-DEL-00228,2025-07-04 22:32:47,Friday,22,Large,54.42,Urban,Sunny,131.20,On-time
SC-DEL-00229,2025-07-02 20:45:44,Wednesday,20,Special,47.18,Urban,Stormy,109.43,On-time
SC-DEL-00230,2025-07-21 07:31:26,Monday,7,Extra Large,27.51,Rural,Snowy,57.31,On-time
SC-DEL-00231,2025-06-18 02:00:34,Wednesday,2,Small,6.34,Shopping Center,Stormy,31.24,On-time
SC-DEL-00232,2025-07-25 04:45:36,Friday,4,Extra Large,30.51,Rural,Sunny,95.24,On-time
SC-DEL-00233,2025-06-24 16:46:22,Tuesday,16,Special,43.04,Rural,Cloudy,103.05,On-time
SC-DEL-00234,2025-06-17 21:33:24,Tuesday,21,Medium,21.59,Rural,Sunny,72.31,On-time
SC-DEL-00235,2025-07-05 09:27:27,Saturday,9,Small,58.48,Rural,Rainy,118.04,On-time
SC-DEL-00236,2025-06-01 01:49:33,Sunday,1,Large,43.11,Shopping Center,Stormy,101.22,On-time
SC-DEL-00237,2025-06-05 00:53:57,Thursday,0,Extra Large,58.21,Urban,Sunny,147.31,On-time
SC-DEL-00238,2025-05-26 16:25:37,Monday,16,Extra Large,55.18,Suburban,Cloudy,127.13,On-time
SC-DEL-00239,2025-06-08 18:09:57,Sunday,18,Extra Large,51.11,Rural,Stormy,96.23,On-time
SC-DEL-00240,2025-06-18 15:57:22,Wednesday,15,Small,15.35,Shopping Center,Stormy,38.05,On-time
SC-DEL-00241,2025-07-16 14:11:22,Wednesday,14,Large,65.49,Industrial,Sunny,118.17,On-time
SC-DEL-00242,2025-06-20 11:08:35,Friday,11,Special,4.94,Urban,Sunny,62.21,On-time
SC-DEL-00243,2025-06-29 01:52:30,Sunday,1,Special,50.51,Rural,Rainy,117.12,On-time
SC-DEL-00244,2025-08-04 16:27:54,Monday,16,Small,30.53,Rural,Cloudy,61.19,On-time
SC-DEL-00245,2025-08-08 11:03:32,Friday,11,Small,54.4,Urban,Sunny,106.09,On-time
SC-DEL-00246,2025-07-10 14:43:43,Thursday,14,Extra Large,41.74,Urban,Snowy,111.32,On-time
SC-DEL-00247,2025-06-07 00:21:53,Saturday,0,Medium,35.49,Shopping Center,Snowy,66.04,On-time
SC-DEL-00248,2025-05-30 00:45:40,Friday,0,Large,36.35,Shopping Center,Rainy,82.25,On-time
SC-DEL-00249,2025-06-18 02:52:45,Wednesday,2,Medium,71.71,Suburban,Stormy,153.25,On-time
SC-DEL-00250,2025-05-29 12:52:34,Thursday,12,Large,66.72,Suburban,Sunny,148.23,On-time
SC-DEL-00251,2025-07-17 19:22:42,Thursday,19,Small,2.75,Shopping Center,Sunny,25.05,On-time
SC-DEL-00252,2025-07-19 00:57:10,Saturday,0,Special,16.7,Urban,Rainy,89.35,On-time
SC-DEL-00253,2025-06-29 10:03:04,Sunday,10,Extra Large,67.49,Urban,Stormy,164.58,On-time
SC-DEL-00254,2025-06-25 14:57:26,Wednesday,14,Extra Large,8.81,Shopping Center,Rainy,54.13,On-time
SC-DEL-00255,2025-06-11 12:32:49,Wednesday,12,Extra Large,16.68,Industrial,Stormy,81.42,On-time
SC-DEL-00256,2025-06-07 08:20:33,Saturday,8,Small,20.17,Shopping Center,Snowy,86.55,On-time
SC-DEL-00257,2025-07-07 15:45:50,Monday,15,Extra Large,59.69,Industrial,Stormy,146.31,On-time
SC-DEL-00258,2025-08-07 12:24:34,Thursday,12,Special,41.81,Suburban,Rainy,114.31,On-time
SC-DEL-00259,2025-06-23 20:53:59,Monday,20,Special,24.72,Shopping Center,Cloudy,54.34,On-time
SC-DEL-00260,2025-06-20 20:17:17,Friday,20,Large,48.43,Industrial,Cloudy,120.19,On-time
SC-DEL-00261,2025-07-08 21:25:13,Tuesday,21,Special,1.19,Suburban,Snowy,35.42,On-time
SC-DEL-00262,2025-07-31 13:37:59,Thursday,13,Special,47.12,Shopping Center,Cloudy,105.34,On-time
SC-DEL-00263,2025-06-02 08:56:28,Monday,8,Extra Large,43.21,Shopping Center,Sunny,109.01,On-time
SC-DEL-00264,2025-06-07 04:30:28,Saturday,4,Extra Large,4.85,Industrial,Cloudy,46.51,On-time
SC-DEL-00265,2025-07-03 05:01:51,Thursday,5,Large,1.94,Shopping Center,Snowy,58.06,On-time
SC-DEL-00266,2025-07-04 20:25:22,Friday,20,Large,25.29,Shopping Center,Snowy,47.56,On-time
SC-DEL-00267,2025-08-07 21:20:10,Thursday,21,Special,49.03,Industrial,Sunny,109.59,On-time
SC-DEL-00268,2025-07-26 06:47:04,Saturday,6,Large,30.28,Rural,Snowy,59.13,On-time
SC-DEL-00269,2025-07-03 18:58:22,Thursday,18,Extra Large,6.64,Industrial,Stormy,53.22,On-time
SC-DEL-00270,2025-05-22 07:04:38,Thursday,7,Small,48.66,Suburban,Stormy,136.10,On-time
SC-DEL-00271,2025-06-01 18:16:27,Sunday,18,Small,5.62,Urban,Cloudy,56.16,On-time
SC-DEL-00272,2025-08-12 09:49:04,Tuesday,9,Large,57.4,Industrial,Sunny,124.42,On-time
SC-DEL-00273,2025-07-27 21:33:37,Sunday,21,Extra Large,59.72,Rural,Snowy,148.24,On-time
SC-DEL-00274,2025-08-02 16:35:54,Saturday,16,Small,48.0,Urban,Snowy,84.28,On-time
SC-DEL-00275,2025-06-26 10:34:37,Thursday,10,Extra Large,57.44,Urban,Stormy,121.59,On-time
SC-DEL-00276,2025-08-13 12:34:16,Wednesday,12,Small,2.75,Rural,Rainy,40.22,On-time
SC-DEL-00277,2025-06-15 02:05:46,Sunday,2,Small,20.26,Suburban,Snowy,76.37,On-time
SC-DEL-00278,2025-07-05 18:12:50,Saturday,18,Small,4.48,Industrial,Sunny,20.23,On-time
SC-DEL-00279,2025-06-05 10:53:28,Thursday,10,Large,74.06,Industrial,Sunny,127.57,On-time
SC-DEL-00280,2025-07-19 10:22:53,Saturday,10,Medium,57.8,Suburban,Cloudy,149.51,Delayed
SC-DEL-00281,2025-08-04 08:55:17,Monday,8,Special,25.18,Suburban,Cloudy,61.28,On-time
SC-DEL-00282,2025-06-25 20:40:24,Wednesday,20,Extra Large,4.16,Shopping Center,Stormy,48.08,On-time
SC-DEL-00283,2025-06-12 03:53:56,Thursday,3,Small,31.02,Rural,Cloudy,102.20,On-time
SC-DEL-00284,2025-07-26 21:04:03,Saturday,21,Small,71.84,Shopping Center,Stormy,139.23,On-time
SC-DEL-00285,2025-08-16 15:46:18,Saturday,15,Small,73.65,Rural,Cloudy,154.11,Delayed
SC-DEL-00286,2025-06-06 13:59:57,Friday,13,Extra Large,43.72,Rural,Sunny,130.29,On-time
SC-DEL-00287,2025-07-12 03:14:58,Saturday,3,Small,33.58,Suburban,Rainy,95.35,Delayed
SC-DEL-00288,2025-05-27 08:12:27,Tuesday,8,Medium,73.06,Urban,Rainy,157.34,On-time
SC-DEL-00289,2025-06-23 00:06:20,Monday,0,Small,71.53,Rural,Cloudy,167.04,On-time
SC-DEL-00290,2025-07-06 00:30:14,Sunday,0,Large,3.79,Industrial,Sunny,28.57,On-time
SC-DEL-00291,2025-06-30 21:30:10,Monday,21,Medium,39.33,Industrial,Cloudy,95.27,On-time
SC-DEL-00292,2025-05-30 12:31:08,Friday,12,Medium,19.99,Industrial,Sunny,74.01,Delayed
SC-DEL-00293,2025-06-21 21:28:49,Saturday,21,Extra Large,9.99,Shopping Center,Snowy,31.19,On-time
SC-DEL-00294,2025-06-14 19:12:45,Saturday,19,Extra Large,8.54,Urban,Rainy,65.06,On-time
SC-DEL-00295,2025-06-21 11:58:41,Saturday,11,Medium,53.6,Rural,Rainy,122.49,On-time
SC-DEL-00296,2025-07-27 12:44:49,Sunday,12,Medium,3.47,Shopping Center,Stormy,22.53,On-time
SC-DEL-00297,2025-07-28 14:42:49,Monday,14,Extra Large,25.46,Urban,Cloudy,95.15,On-time
SC-DEL-00298,2025-08-13 10:32:51,Wednesday,10,Extra Large,63.19,Rural,Sunny,149.48,On-time
SC-DEL-00299,2025-05-21 21:46:39,Wednesday,21,Extra Large,6.55,Rural,Rainy,68.13,On-time
SC-DEL-00300,2025-08-16 08:31:24,Saturday,8,Small,13.84,Shopping Center,Stormy,38.34,On-time
SC-DEL-00301,2025-06-16 06:35:43,Monday,6,Extra Large,19.41,Rural,Rainy,57.11,On-time
SC-DEL-00302,2025-07-07 02:41:13,Monday,2,Large,64.14,Suburban,Stormy,132.21,On-time
SC-DEL-00303,2025-06-15 15:40:14,Sunday,15,Large,56.99,Rural,Stormy,140.18,On-time
SC-DEL-00304,2025-05-31 01:26:28,Saturday,1,Extra Large,21.29,Rural,Cloudy,46.02,On-time
SC-DEL-00305,2025-06-07 19:08:48,Saturday,19,Small,12.9,Industrial,Rainy,79.05,Delayed
SC-DEL-00306,2025-07-20 16:46:38,Sunday,16,Extra Large,40.39,Industrial,Rainy,98.45,On-time
SC-DEL-00307,2025-08-09 21:22:19,Saturday,21,Large,46.09,Urban,Rainy,129.28,On-time
SC-DEL-00308,2025-08-13 05:22:18,Wednesday,5,Medium,26.63,Rural,Cloudy,59.51,On-time
SC-DEL-00309,2025-08-16 18:48:33,Saturday,18,Medium,67.86,Rural,Cloudy,149.25,On-time
SC-DEL-00310,2025-05-21 11:45:42,Wednesday,11,Medium,33.86,Shopping Center,Stormy,83.39,On-time
SC-DEL-00311,2025-06-09 04:40:31,Monday,4,Special,54.03,Rural,Sunny,105.11,On-time
SC-DEL-00312,2025-06-26 00:17:10,Thursday,0,Small,11.19,Rural,Stormy,81.21,On-time
SC-DEL-00313,2025-05-31 10:25:12,Saturday,10,Extra Large,24.55,Industrial,Sunny,95.34,On-time
SC-DEL-00314,2025-07-18 15:02:40,Friday,15,Extra Large,31.93,Industrial,Stormy,99.27,On-time
SC-DEL-00315,2025-07-13 06:44:31,Sunday,6,Small,40.88,Rural,Snowy,89.47,On-time
SC-DEL-00316,2025-05-27 03:53:15,Tuesday,3,Special,30.37,Suburban,Cloudy,92.56,On-time
SC-DEL-00317,2025-05-29 09:17:46,Thursday,9,Special,61.93,Industrial,Cloudy,141.13,On-time
SC-DEL-00318,2025-06-10 20:12:05,Tuesday,20,Special,55.88,Suburban,Stormy,112.46,On-time
SC-DEL-00319,2025-06-23 10:57:38,Monday,10,Large,1.7,Suburban,Cloudy,63.19,On-time
SC-DEL-00320,2025-06-28 21:15:58,Saturday,21,Special,57.57,Suburban,Cloudy,140.31,On-time
SC-DEL-00321,2025-06-10 14:35:51,Tuesday,14,Medium,31.92,Industrial,Stormy,107.45,On-time
SC-DEL-00322,2025-08-17 23:36:41,Sunday,23,Large,72.46,Urban,Cloudy,139.49,On-time
SC-DEL-00323,2025-06-24 15:24:39,Tuesday,15,Small,46.83,Suburban,Cloudy,134.41,Delayed
SC-DEL-00324,2025-08-02 21:14:32,Saturday,21,Medium,40.02,Suburban,Snowy,100.47,On-time
SC-DEL-00325,2025-05-31 22:06:56,Saturday,22,Small,59.44,Urban,Snowy,126.49,On-time
SC-DEL-00326,2025-07-08 15:48:36,Tuesday,15,Large,51.06,Industrial,Stormy,96.36,On-time
SC-DEL-00327,2025-05-29 03:52:56,Thursday,3,Medium,25.71,Shopping Center,Rainy,102.30,On-time
SC-DEL-00328,2025-08-09 05:49:01,Saturday,5,Extra Large,66.06,Shopping Center,Cloudy,119.28,On-time
SC-DEL-00329,2025-07-11 19:32:06,Friday,19,Small,13.85,Suburban,Sunny,50.28,On-time
SC-DEL-00330,2025-06-09 02:33:03,Monday,2,Medium,49.49,Suburban,Cloudy,123.38,On-time
SC-DEL-00331,2025-07-17 06:17:05,Thursday,6,Medium,30.83,Shopping Center,Cloudy,63.10,On-time
SC-DEL-00332,2025-08-14 05:13:21,Thursday,5,Medium,15.11,Industrial,Stormy,78.49,On-time
SC-DEL-00333,2025-05-24 16:36:41,Saturday,16,Medium,46.72,Rural,Sunny,81.38,On-time
SC-DEL-00334,2025-05-23 20:35:49,Friday,20,Extra Large,41.56,Urban,Rainy,105.22,On-time
SC-DEL-00335,2025-05-26 15:29:57,Monday,15,Large,39.17,Rural,Stormy,70.46,On-time
SC-DEL-00336,2025-08-12 10:41:04,Tuesday,10,Medium,17.17,Rural,Rainy,77.19,On-time
SC-DEL-00337,2025-06-15 12:08:15,Sunday,12,Special,6.79,Industrial,Snowy,26.33,On-time
SC-DEL-00338,2025-08-09 06:32:50,Saturday,6,Small,65.6,Urban,Snowy,156.43,On-time
SC-DEL-00339,2025-08-08 21:07:38,Friday,21,Large,55.19,Urban,Cloudy,117.19,On-time
SC-DEL-00340,2025-07-28 12:35:50,Monday,12,Extra Large,53.24,Suburban,Cloudy,103.31,On-time
SC-DEL-00341,2025-06-12 02:52:41,Thursday,2,Small,69.52,Urban,Snowy,158.26,On-time
SC-DEL-00342,2025-07-23 19:11:30,Wednesday,19,Large,31.69,Rural,Rainy,97.37,On-time
SC-DEL-00343,2025-05-31 04:45:43,Saturday,4,Extra Large,57.23,Industrial,Rainy,104.43,On-time
SC-DEL-00344,2025-07-03 18:51:33,Thursday,18,Small,9.66,Industrial,Stormy,25.53,On-time
SC-DEL-00345,2025-08-13 19:57:04,Wednesday,19,Medium,49.93,Industrial,Sunny,110.26,On-time
SC-DEL-00346,2025-07-04 01:41:26,Friday,1,Extra Large,51.31,Shopping Center,Stormy,119.16,On-time
SC-DEL-00347,2025-05-24 03:28:47,Saturday,3,Large,59.68,Suburban,Rainy,119.32,On-time
SC-DEL-00348,2025-06-23 21:52:20,Monday,21,Medium,33.24,Suburban,Snowy,81.48,On-time
SC-DEL-00349,2025-08-13 09:27:55,Wednesday,9,Special,28.99,Industrial,Rainy,97.31,On-time
SC-DEL-00350,2025-07-24 01:22:15,Thursday,1,Small,27.49,Shopping Center,Snowy,55.37,On-time
SC-DEL-00351,2025-07-10 14:56:56,Thursday,14,Small,60.06,Suburban,Snowy,105.59,On-time
SC-DEL-00352,2025-06-25 23:17:12,Wednesday,23,Extra Large,33.93,Urban,Cloudy,96.32,On-time
SC-DEL-00353,2025-08-09 14:04:04,Saturday,14,Extra Large,8.13,Industrial,Snowy,67.47,On-time
SC-DEL-00354,2025-05-26 15:44:35,Monday,15,Medium,23.18,Suburban,Stormy,57.16,On-time
SC-DEL-00355,2025-07-03 01:06:25,Thursday,1,Small,74.94,Urban,Cloudy,160.15,On-time
SC-DEL-00356,2025-05-31 04:50:16,Saturday,4,Small,69.05,Shopping Center,Rainy,124.25,On-time
SC-DEL-00357,2025-06-21 22:46:35,Saturday,22,Small,53.34,Shopping Center,Snowy,127.59,On-time
SC-DEL-00358,2025-06-22 21:08:08,Sunday,21,Large,47.95,Suburban,Rainy,123.00,On-time
SC-DEL-00359,2025-07-03 02:32:18,Thursday,2,Extra Large,25.62,Shopping Center,Rainy,48.58,On-time
SC-DEL-00360,2025-07-15 09:02:13,Tuesday,9,Small,39.42,Shopping Center,Snowy,105.57,On-time
SC-DEL-00361,2025-06-20 14:40:09,Friday,14,Large,13.62,Suburban,Stormy,62.47,On-time
SC-DEL-00362,2025-07-26 13:08:35,Saturday,13,Large,58.76,Suburban,Snowy,141.11,On-time
SC-DEL-00363,2025-06-30 23:19:58,Monday,23,Medium,46.12,Industrial,Sunny,84.48,On-time
SC-DEL-00364,2025-06-17 06:46:03,Tuesday,6,Large,72.5,Rural,Stormy,124.39,On-time
SC-DEL-00365,2025-06-30 16:44:12,Monday,16,Extra Large,7.68,Industrial,Sunny,41.58,On-time
SC-DEL-00366,2025-05-23 03:09:53,Friday,3,Extra Large,36.15,Urban,Snowy,64.51,On-time
SC-DEL-00367,2025-06-28 02:49:35,Saturday,2,Special,47.56,Rural,Sunny,117.36,On-time
SC-DEL-00368,2025-08-01 15:44:00,Friday,15,Small,23.3,Rural,Sunny,47.30,On-time
SC-DEL-00369,2025-05-25 20:42:45,Sunday,20,Large,21.06,Shopping Center,Snowy,72.20,On-time
SC-DEL-00370,2025-07-11 09:54:50,Friday,9,Special,73.63,Rural,Snowy,160.48,On-time
SC-DEL-00371,2025-06-15 12:51:46,Sunday,12,Small,63.61,Rural,Snowy,111.25,On-time
SC-DEL-00372,2025-08-02 11:32:58,Saturday,11,Extra Large,18.29,Rural,Rainy,66.40,On-time
SC-DEL-00373,2025-07-17 17:45:56,Thursday,17,Small,45.52,Industrial,Cloudy,89.12,On-time
SC-DEL-00374,2025-07-21 10:56:28,Monday,10,Extra Large,72.45,Industrial,Cloudy,144.26,On-time
SC-DEL-00375,2025-06-16 19:08:21,Monday,19,Small,45.47,Suburban,Sunny,87.07,On-time
SC-DEL-00376,2025-07-03 20:40:25,Thursday,20,Special,58.12,Suburban,Cloudy,135.41,On-time
SC-DEL-00377,2025-06-10 22:22:03,Tuesday,22,Extra Large,30.53,Urban,Rainy,106.02,On-time
SC-DEL-00378,2025-07-22 16:28:32,Tuesday,16,Extra Large,51.08,Shopping Center,Snowy,115.09,On-time
SC-DEL-00379,2025-05-22 17:13:25,Thursday,17,Extra Large,61.24,Shopping Center,Sunny,110.30,On-time
SC-DEL-00380,2025-06-13 14:25:41,Friday,14,Small,45.32,Suburban,Stormy,118.17,On-time
SC-DEL-00381,2025-07-02 23:54:44,Wednesday,23,Special,24.69,Rural,Snowy,66.36,On-time
SC-DEL-00382,2025-06-15 09:48:14,Sunday,9,Small,2.18,Shopping Center,Sunny,27.48,On-time
SC-DEL-00383,2025-07-16 16:40:01,Wednesday,16,Small,3.25,Suburban,Stormy,16.53,On-time
SC-DEL-00384,2025-07-06 23:55:23,Sunday,23,Extra Large,31.89,Shopping Center,Rainy,92.45,On-time
SC-DEL-00385,2025-08-10 01:43:47,Sunday,1,Small,18.78,Suburban,Sunny,84.52,Delayed
SC-DEL-00386,2025-08-18 02:43:50,Monday,2,Large,13.57,Urban,Snowy,66.13,On-time
SC-DEL-00387,2025-08-03 17:46:16,Sunday,17,Small,55.85,Urban,Stormy,147.24,On-time
SC-DEL-00388,2025-06-02 11:30:42,Monday,11,Special,58.79,Suburban,Snowy,123.40,On-time
SC-DEL-00389,2025-08-07 05:31:45,Thursday,5,Small,49.61,Shopping Center,Stormy,121.22,On-time
SC-DEL-00390,2025-05-29 15:36:48,Thursday,15,Medium,28.68,Urban,Stormy,87.46,On-time
SC-DEL-00391,2025-07-06 11:11:19,Sunday,11,Large,50.61,Urban,Rainy,128.39,On-time
SC-DEL-00392,2025-06-14 02:34:42,Saturday,2,Special,49.48,Urban,Stormy,117.31,On-time
SC-DEL-00393,2025-07-11 05:06:36,Friday,5,Small,62.2,Shopping Center,Sunny,130.31,On-time
SC-DEL-00394,2025-06-28 05:51:51,Saturday,5,Medium,43.06,Suburban,Sunny,76.48,On-time
SC-DEL-00395,2025-07-29 14:10:42,Tuesday,14,Small,58.75,Industrial,Snowy,142.06,On-time
SC-DEL-00396,2025-07-19 05:20:02,Saturday,5,Small,35.88,Urban,Snowy,93.15,On-time
SC-DEL-00397,2025-07-24 12:15:03,Thursday,12,Large,41.15,Industrial,Cloudy,100.40,On-time
SC-DEL-00398,2025-07-21 00:45:45,Monday,0,Large,9.15,Shopping Center,Sunny,30.03,On-time
SC-DEL-00399,2025-06-18 00:42:55,Wednesday,0,Extra Large,59.79,Shopping Center,Cloudy,107.09,On-time
SC-DEL-00400,2025-08-18 20:53:23,Monday,20,Small,48.8,Rural,Sunny,105.05,On-time
SC-DEL-00401,2025-07-22 04:04:51,Tuesday,4,Large,48.79,Shopping Center,Sunny,111.49,On-time
SC-DEL-00402,2025-08-01 00:08:34,Friday,0,Medium,27.0,Urban,Sunny,102.24,On-time
SC-DEL-00403,2025-07-14 08:31:23,Monday,8,Medium,13.76,Suburban,Stormy,60.58,On-time
SC-DEL-00404,2025-07-30 07:36:49,Wednesday,7,Extra Large,14.45,Shopping Center,Stormy,84.48,On-time
SC-DEL-00405,2025-08-06 03:46:12,Wednesday,3,Medium,62.93,Rural,Snowy,126.16,On-time
SC-DEL-00406,2025-07-31 18:20:46,Thursday,18,Large,10.69,Shopping Center,Sunny,45.16,On-time
SC-DEL-00407,2025-06-04 19:45:54,Wednesday,19,Large,65.31,Industrial,Snowy,151.28,On-time
SC-DEL-00408,2025-08-10 23:00:12,Sunday,23,Large,39.31,Rural,Cloudy,74.26,On-time
SC-DEL-00409,2025-07-08 16:29:23,Tuesday,16,Small,27.16,Shopping Center,Cloudy,77.42,On-time
SC-DEL-00410,2025-07-28 01:22:26,Monday,1,Small,46.24,Rural,Sunny,85.52,On-time
SC-DEL-00411,2025-06-17 09:36:53,Tuesday,9,Large,40.04,Suburban,Sunny,97.00,On-time
SC-DEL-00412,2025-06-17 20:42:35,Tuesday,20,Extra Large,9.94,Rural,Snowy,31.48,On-time
SC-DEL-00413,2025-07-30 20:34:20,Wednesday,20,Medium,3.48,Rural,Snowy,34.14,On-time
SC-DEL-00414,2025-06-28 01:13:32,Saturday,1,Extra Large,1.96,Urban,Cloudy,50.46,On-time
SC-DEL-00415,2025-07-20 18:01:02,Sunday,18,Extra Large,17.53,Suburban,Snowy,76.12,On-time
SC-DEL-00416,2025-08-06 02:12:15,Wednesday,2,Special,56.27,Industrial,Rainy,139.11,On-time
SC-DEL-00417,2025-05-25 11:19:32,Sunday,11,Medium,6.57,Urban,Cloudy,23.17,On-time
SC-DEL-00418,2025-08-05 05:42:25,Tuesday,5,Special,74.88,Shopping Center,Stormy,173.56,On-time
SC-DEL-00419,2025-06-18 01:13:50,Wednesday,1,Small,34.51,Shopping Center,Stormy,102.10,On-time
SC-DEL-00420,2025-07-19 22:17:01,Saturday,22,Large,18.72,Rural,Stormy,63.52,On-time
SC-DEL-00421,2025-08-16 13:43:08,Saturday,13,Medium,15.28,Shopping Center,Rainy,59.48,On-time
SC-DEL-00422,2025-08-12 15:15:03,Tuesday,15,Small,11.87,Rural,Snowy,53.28,On-time
SC-DEL-00423,2025-07-22 02:38:48,Tuesday,2,Small,44.49,Shopping Center,Sunny,85.46,On-time
SC-DEL-00424,2025-06-27 03:28:34,Friday,3,Extra Large,58.61,Shopping Center,Sunny,148.46,On-time
SC-DEL-00425,2025-06-16 11:42:31,Monday,11,Medium,56.28,Industrial,Sunny,141.22,Delayed
SC-DEL-00426,2025-08-02 22:45:22,Saturday,22,Extra Large,65.89,Suburban,Stormy,148.37,On-time
SC-DEL-00427,2025-07-10 16:30:49,Thursday,16,Large,70.32,Industrial,Snowy,128.39,On-time
SC-DEL-00428,2025-07-21 03:50:25,Monday,3,Extra Large,37.73,Suburban,Sunny,105.49,On-time
SC-DEL-00429,2025-06-06 05:47:56,Friday,5,Extra Large,64.81,Rural,Cloudy,153.10,On-time
SC-DEL-00430,2025-06-10 14:13:52,Tuesday,14,Large,7.11,Shopping Center,Stormy,35.28,On-time
SC-DEL-00431,2025-06-30 17:35:36,Monday,17,Extra Large,66.17,Rural,Sunny,111.22,On-time
SC-DEL-00432,2025-07-28 09:07:13,Monday,9,Medium,33.72,Industrial,Rainy,108.24,On-time
SC-DEL-00433,2025-07-25 11:03:50,Friday,11,Medium,37.87,Industrial,Sunny,67.23,On-time
SC-DEL-00434,2025-08-11 02:32:01,Monday,2,Special,73.29,Industrial,Rainy,135.52,On-time
SC-DEL-00435,2025-08-02 14:02:49,Saturday,14,Large,64.87,Urban,Cloudy,160.24,On-time
SC-DEL-00436,2025-07-31 10:00:33,Thursday,10,Medium,21.27,Suburban,Snowy,95.27,On-time
SC-DEL-00437,2025-06-25 21:03:32,Wednesday,21,Special,2.65,Suburban,Rainy,45.47,On-time
SC-DEL-00438,2025-07-26 06:25:48,Saturday,6,Special,74.99,Urban,Snowy,142.50,On-time
SC-DEL-00439,2025-07-17 18:56:49,Thursday,18,Extra Large,53.26,Shopping Center,Snowy,120.46,On-time
SC-DEL-00440,2025-06-20 10:48:29,Friday,10,Large,34.63,Shopping Center,Cloudy,82.52,On-time
SC-DEL-00441,2025-06-30 02:58:16,Monday,2,Large,31.84,Urban,Cloudy,103.49,On-time
SC-DEL-00442,2025-05-22 22:27:42,Thursday,22,Special,15.51,Suburban,Sunny,39.57,On-time
SC-DEL-00443,2025-07-21 01:45:45,Monday,1,Special,18.31,Rural,Rainy,88.57,On-time
SC-DEL-00444,2025-08-09 15:11:50,Saturday,15,Extra Large,42.15,Suburban,Cloudy,91.50,On-time
SC-DEL-00445,2025-06-18 22:10:02,Wednesday,22,Small,43.86,Industrial,Snowy,80.46,On-time
SC-DEL-00446,2025-05-31 06:18:29,Saturday,6,Extra Large,68.41,Shopping Center,Sunny,133.29,On-time
SC-DEL-00447,2025-07-27 22:21:44,Sunday,22,Special,57.56,Shopping Center,Rainy,127.43,On-time
SC-DEL-00448,2025-06-29 01:52:45,Sunday,1,Extra Large,51.33,Urban,Rainy,139.51,On-time
SC-DEL-00449,2025-07-05 04:29:55,Saturday,4,Extra Large,66.36,Rural,Rainy,160.30,On-time
SC-DEL-00450,2025-05-29 07:31:53,Thursday,7,Small,20.01,Urban,Rainy,72.51,On-time
SC-DEL-00451,2025-06-04 15:49:45,Wednesday,15,Extra Large,51.21,Industrial,Rainy,116.29,On-time
SC-DEL-00452,2025-06-02 01:18:30,Monday,1,Extra Large,60.65,Industrial,Snowy,126.07,On-time
SC-DEL-00453,2025-08-18 18:12:44,Monday,18,Medium,12.93,Industrial,Cloudy,57.27,On-time
SC-DEL-00454,2025-07-05 05:24:52,Saturday,5,Special,67.0,Shopping Center,Stormy,154.19,On-time
SC-DEL-00455,2025-06-14 10:45:11,Saturday,10,Extra Large,23.29,Industrial,Stormy,56.05,On-time
SC-DEL-00456,2025-05-31 08:30:27,Saturday,8,Large,12.24,Industrial,Sunny,78.54,Delayed
SC-DEL-00457,2025-07-21 05:57:24,Monday,5,Medium,13.96,Urban,Snowy,69.00,On-time
SC-DEL-00458,2025-06-08 01:32:23,Sunday,1,Extra Large,8.5,Industrial,Snowy,26.02,On-time
SC-DEL-00459,2025-07-24 03:04:02,Thursday,3,Small,48.46,Urban,Sunny,124.54,On-time
SC-DEL-00460,2025-08-07 06:44:27,Thursday,6,Large,10.18,Industrial,Cloudy,57.40,On-time
SC-DEL-00461,2025-05-26 13:56:19,Monday,13,Large,65.74,Rural,Sunny,140.10,On-time
SC-DEL-00462,2025-06-23 18:17:30,Monday,18,Special,22.42,Suburban,Rainy,82.16,On-time
SC-DEL-00463,2025-06-25 00:10:16,Wednesday,0,Large,9.21,Suburban,Cloudy,32.06,On-time
SC-DEL-00464,2025-06-03 20:20:49,Tuesday,20,Large,32.83,Rural,Rainy,103.57,On-time
SC-DEL-00465,2025-06-27 00:11:34,Friday,0,Special,19.46,Rural,Cloudy,80.04,On-time
SC-DEL-00466,2025-08-02 04:25:05,Saturday,4,Extra Large,68.8,Suburban,Cloudy,136.05,On-time
SC-DEL-00467,2025-05-26 18:55:56,Monday,18,Small,59.36,Industrial,Snowy,151.19,On-time
SC-DEL-00468,2025-06-28 09:01:40,Saturday,9,Special,24.25,Industrial,Sunny,75.05,On-time
SC-DEL-00469,2025-08-17 09:02:45,Sunday,9,Extra Large,2.32,Rural,Rainy,28.45,On-time
SC-DEL-00470,2025-08-06 19:12:08,Wednesday,19,Medium,36.62,Suburban,Stormy,69.42,On-time
SC-DEL-00471,2025-07-30 09:33:53,Wednesday,9,Special,26.02,Suburban,Snowy,61.49,On-time
SC-DEL-00472,2025-07-20 03:29:51,Sunday,3,Small,52.94,Suburban,Cloudy,127.42,Delayed
SC-DEL-00473,2025-08-07 06:21:34,Thursday,6,Extra Large,34.46,Industrial,Cloudy,116.12,On-time
SC-DEL-00474,2025-08-17 13:00:18,Sunday,13,Small,44.39,Urban,Snowy,109.10,On-time
SC-DEL-00475,2025-05-24 05:11:37,Saturday,5,Extra Large,40.32,Urban,Sunny,70.42,On-time
SC-DEL-00476,2025-06-05 14:59:02,Thursday,14,Large,60.98,Urban,Stormy,101.50,On-time
SC-DEL-00477,2025-05-31 15:50:35,Saturday,15,Medium,42.15,Suburban,Rainy,122.55,Delayed
SC-DEL-00478,2025-07-12 16:52:21,Saturday,16,Special,28.45,Shopping Center,Cloudy,89.58,On-time
SC-DEL-00479,2025-06-18 13:05:00,Wednesday,13,Small,73.65,Urban,Cloudy,155.28,Delayed
SC-DEL-00480,2025-08-10 18:20:43,Sunday,18,Medium,55.17,Suburban,Rainy,136.00,On-time
SC-DEL-00481,2025-07-18 07:55:50,Friday,7,Small,15.52,Industrial,Cloudy,73.25,Delayed
SC-DEL-00482,2025-05-24 05:39:02,Saturday,5,Extra Large,22.63,Industrial,Sunny,94.47,On-time
SC-DEL-00483,2025-06-04 19:00:00,Wednesday,19,Large,18.52,Rural,Snowy,61.32,On-time
SC-DEL-00484,2025-07-04 00:11:12,Friday,0,Small,29.61,Industrial,Snowy,81.54,On-time
SC-DEL-00485,2025-06-30 20:29:48,Monday,20,Medium,48.3,Urban,Rainy,116.44,On-time
SC-DEL-00486,2025-06-29 10:02:31,Sunday,10,Large,4.41,Rural,Stormy,44.47,On-time
SC-DEL-00487,2025-07-12 02:13:37,Saturday,2,Medium,11.13,Industrial,Cloudy,40.53,On-time
SC-DEL-00488,2025-07-27 23:10:59,Sunday,23,Medium,14.53,Rural,Sunny,37.42,On-time
SC-DEL-00489,2025-06-30 08:59:17,Monday,8,Small,45.39,Shopping Center,Rainy,130.58,On-time
SC-DEL-00490,2025-08-11 06:19:17,Monday,6,Extra Large,10.18,Industrial,Stormy,50.10,On-time
SC-DEL-00491,2025-07-06 15:48:15,Sunday,15,Large,56.54,Industrial,Sunny,149.22,Delayed
SC-DEL-00492,2025-06-20 04:51:36,Friday,4,Medium,44.9,Industrial,Stormy,126.25,On-time
SC-DEL-00493,2025-05-29 01:15:27,Thursday,1,Large,33.38,Urban,Rainy,68.17,On-time
SC-DEL-00494,2025-07-23 10:27:31,Wednesday,10,Small,30.62,Shopping Center,Cloudy,72.19,On-time
SC-DEL-00495,2025-07-17 23:35:30,Thursday,23,Extra Large,47.66,Shopping Center,Stormy,91.34,On-time
SC-DEL-00496,2025-08-04 21:45:45,Monday,21,Small,1.59,Rural,Cloudy,42.16,On-time
SC-DEL-00497,2025-06-01 08:24:18,Sunday,8,Medium,20.55,Urban,Sunny,43.56,On-time
SC-DEL-00498,2025-06-10 02:38:03,Tuesday,2,Medium,11.95,Rural,Snowy,40.54,On-time
SC-DEL-00499,2025-06-30 08:25:42,Monday,8,Medium,74.24,Industrial,Rainy,171.07,On-time
SC-DEL-00500,2025-07-13 00:54:04,Sunday,0,Small,28.63,Industrial,Rainy,82.29,Delayed
SC-DEL-00501,2025-05-21 21:41:26,Wednesday,21,Extra Large,14.58,Urban,Rainy,75.32,On-time
SC-DEL-00502,2025-06-13 03:56:44,Friday,3,Medium,47.92,Rural,Snowy,131.58,On-time
SC-DEL-00503,2025-06-14 03:03:33,Saturday,3,Special,22.52,Rural,Snowy,89.46,On-time
SC-DEL-00504,2025-06-19 20:38:29,Thursday,20,Medium,54.89,Suburban,Sunny,101.03,On-time
SC-DEL-00505,2025-08-05 08:23:07,Tuesday,8,Medium,47.82,Industrial,Stormy,107.13,On-time
SC-DEL-00506,2025-07-22 19:30:17,Tuesday,19,Special,5.99,Rural,Stormy,53.45,On-time
SC-DEL-00507,2025-07-13 13:48:11,Sunday,13,Large,39.78,Rural,Cloudy,76.35,On-time
SC-DEL-00508,2025-06-09 06:26:57,Monday,6,Medium,51.17,Shopping Center,Stormy,130.16,On-time
SC-DEL-00509,2025-07-06 22:55:13,Sunday,22,Extra Large,17.01,Shopping Center,Snowy,50.22,On-time
SC-DEL-00510,2025-07-12 14:57:44,Saturday,14,Extra Large,40.14,Industrial,Rainy,76.19,On-time
SC-DEL-00511,2025-06-22 09:05:10,Sunday,9,Medium,69.81,Shopping Center,Snowy,138.39,On-time
SC-DEL-00512,2025-06-27 00:12:22,Friday,0,Large,24.06,Suburban,Cloudy,82.57,On-time
SC-DEL-00513,2025-06-21 08:16:44,Saturday,8,Special,65.43,Urban,Stormy,120.06,On-time
SC-DEL-00514,2025-06-25 08:19:18,Wednesday,8,Large,53.54,Shopping Center,Snowy,98.29,On-time
SC-DEL-00515,2025-08-13 01:51:00,Wednesday,1,Medium,43.58,Rural,Sunny,125.24,On-time
SC-DEL-00516,2025-08-11 19:42:16,Monday,19,Medium,65.56,Urban,Stormy,149.14,On-time
SC-DEL-00517,2025-07-06 02:52:14,Sunday,2,Special,48.48,Rural,Stormy,84.20,On-time
SC-DEL-00518,2025-06-24 22:51:34,Tuesday,22,Extra Large,68.92,Shopping Center,Snowy,148.34,On-time
SC-DEL-00519,2025-08-10 11:22:12,Sunday,11,Small,73.5,Suburban,Rainy,167.40,Delayed
SC-DEL-00520,2025-07-20 23:09:33,Sunday,23,Small,19.0,Shopping Center,Sunny,66.00,On-time
SC-DEL-00521,2025-07-29 07:09:56,Tuesday,7,Large,28.95,Industrial,Rainy,69.51,On-time
SC-DEL-00522,2025-08-10 02:37:23,Sunday,2,Large,41.65,Urban,Cloudy,87.34,On-time
SC-DEL-00523,2025-06-15 00:53:33,Sunday,0,Extra Large,36.32,Urban,Stormy,115.05,On-time
SC-DEL-00524,2025-06-17 13:02:56,Tuesday,13,Extra Large,16.91,Urban,Cloudy,58.45,On-time
SC-DEL-00525,2025-06-28 02:11:04,Saturday,2,Small,14.76,Urban,Sunny,78.36,Delayed
SC-DEL-00526,2025-06-16 05:17:23,Monday,5,Large,19.72,Rural,Snowy,44.59,On-time
SC-DEL-00527,2025-06-01 02:57:48,Sunday,2,Small,7.11,Industrial,Stormy,58.14,On-time
SC-DEL-00528,2025-06-26 03:22:23,Thursday,3,Extra Large,40.84,Shopping Center,Sunny,120.48,On-time
SC-DEL-00529,2025-08-03 04:58:54,Sunday,4,Medium,62.61,Shopping Center,Rainy,105.24,On-time
SC-DEL-00530,2025-06-17 06:01:13,Tuesday,6,Special,65.75,Rural,Stormy,136.49,On-time
SC-DEL-00531,2025-08-12 13:11:08,Tuesday,13,Small,59.74,Industrial,Rainy,116.08,Delayed
SC-DEL-00532,2025-08-16 08:56:53,Saturday,8,Large,43.77,Suburban,Stormy,94.39,On-time
SC-DEL-00533,2025-07-30 11:03:50,Wednesday,11,Extra Large,55.88,Industrial,Sunny,109.25,On-time
SC-DEL-00534,2025-07-27 19:45:33,Sunday,19,Small,2.24,Urban,Stormy,37.09,On-time
SC-DEL-00535,2025-06-04 09:35:38,Wednesday,9,Extra Large,56.51,Shopping Center,Rainy,95.13,On-time
SC-DEL-00536,2025-06-04 04:49:41,Wednesday,4,Small,21.89,Shopping Center,Cloudy,76.38,On-time
SC-DEL-00537,2025-08-03 00:37:14,Sunday,0,Medium,63.36,Suburban,Snowy,130.59,On-time
SC-DEL-00538,2025-06-28 09:30:41,Saturday,9,Special,58.04,Urban,Sunny,133.37,On-time
SC-DEL-00539,2025-08-11 13:45:28,Monday,13,Medium,72.73,Urban,Cloudy,133.37,On-time
SC-DEL-00540,2025-07-17 22:26:41,Thursday,22,Small,24.39,Industrial,Snowy,47.23,On-time
SC-DEL-00541,2025-07-25 03:31:56,Friday,3,Special,66.71,Rural,Rainy,141.05,On-time
SC-DEL-00542,2025-07-26 17:28:33,Saturday,17,Large,34.03,Industrial,Cloudy,114.12,On-time
SC-DEL-00543,2025-07-05 02:55:16,Saturday,2,Large,43.92,Suburban,Sunny,84.10,On-time
SC-DEL-00544,2025-05-26 11:26:25,Monday,11,Special,13.84,Shopping Center,Stormy,66.57,On-time
SC-DEL-00545,2025-06-07 04:27:19,Saturday,4,Special,71.25,Urban,Cloudy,131.46,On-time
SC-DEL-00546,2025-08-04 08:16:03,Monday,8,Extra Large,65.57,Shopping Center,Cloudy,158.26,On-time
SC-DEL-00547,2025-08-15 04:45:38,Friday,4,Extra Large,48.32,Rural,Cloudy,132.40,On-time
SC-DEL-00548,2025-07-31 10:38:55,Thursday,10,Small,16.84,Urban,Snowy,62.58,On-time
SC-DEL-00549,2025-06-13 11:34:51,Friday,11,Small,51.55,Shopping Center,Sunny,100.09,On-time
SC-DEL-00550,2025-08-11 19:01:28,Monday,19,Extra Large,58.53,Industrial,Stormy,104.30,On-time
SC-DEL-00551,2025-07-13 08:15:23,Sunday,8,Extra Large,43.53,Suburban,Snowy,113.00,On-time
SC-DEL-00552,2025-08-09 01:07:17,Saturday,1,Medium,15.35,Suburban,Sunny,54.35,On-time
SC-DEL-00553,2025-06-17 19:53:39,Tuesday,19,Large,26.83,Shopping Center,Cloudy,62.52,On-time
SC-DEL-00554,2025-06-14 08:54:13,Saturday,8,Large,65.57,Rural,Stormy,120.49,On-time
SC-DEL-00555,2025-06-07 12:08:56,Saturday,12,Small,62.56,Rural,Rainy,124.30,On-time
SC-DEL-00556,2025-05-30 23:36:47,Friday,23,Large,1.39,Urban,Rainy,18.30,On-time
SC-DEL-00557,2025-05-24 01:50:38,Saturday,1,Special,54.44,Urban,Cloudy,110.15,On-time
SC-DEL-00558,2025-06-04 16:34:50,Wednesday,16,Large,3.49,Suburban,Sunny,44.16,On-time
SC-DEL-00559,2025-07-01 22:54:53,Tuesday,22,Large,5.31,Industrial,Rainy,41.52,On-time
SC-DEL-00560,2025-06-30 18:00:24,Monday,18,Extra Large,34.13,Rural,Cloudy,63.27,On-time
SC-DEL-00561,2025-07-08 17:46:42,Tuesday,17,Medium,52.35,Shopping Center,Cloudy,111.42,On-time
SC-DEL-00562,2025-07-05 21:21:02,Saturday,21,Medium,44.72,Rural,Snowy,110.15,On-time
SC-DEL-00563,2025-07-07 01:12:43,Monday,1,Special,22.93,Shopping Center,Rainy,74.21,On-time
SC-DEL-00564,2025-06-12 06:53:20,Thursday,6,Extra Large,3.73,Shopping Center,Rainy,63.04,On-time
SC-DEL-00565,2025-06-17 18:55:17,Tuesday,18,Special,64.31,Suburban,Sunny,150.03,On-time
SC-DEL-00566,2025-06-09 22:12:50,Monday,22,Large,9.29,Industrial,Cloudy,43.27,On-time
SC-DEL-00567,2025-07-27 00:53:04,Sunday,0,Medium,55.08,Rural,Cloudy,141.23,On-time
SC-DEL-00568,2025-07-22 00:47:37,Tuesday,0,Special,37.41,Rural,Stormy,115.47,On-time
SC-DEL-00569,2025-05-21 17:40:57,Wednesday,17,Medium,66.36,Shopping Center,Rainy,121.29,On-time
SC-DEL-00570,2025-07-15 02:27:19,Tuesday,2,Large,4.62,Industrial,Stormy,69.49,On-time
SC-DEL-00571,2025-08-05 13:25:16,Tuesday,13,Special,18.31,Urban,Sunny,83.32,On-time
SC-DEL-00572,2025-07-16 10:48:25,Wednesday,10,Medium,5.88,Industrial,Sunny,51.24,Delayed
SC-DEL-00573,2025-06-09 15:12:10,Monday,15,Extra Large,30.85,Rural,Rainy,65.44,On-time
SC-DEL-00574,2025-06-01 02:02:14,Sunday,2,Extra Large,51.97,Industrial,Stormy,99.00,On-time
SC-DEL-00575,2025-06-15 08:33:16,Sunday,8,Extra Large,16.19,Shopping Center,Sunny,42.35,On-time
SC-DEL-00576,2025-06-19 21:17:52,Thursday,21,Small,70.41,Suburban,Sunny,149.18,Delayed
SC-DEL-00577,2025-08-11 04:23:30,Monday,4,Small,58.48,Suburban,Stormy,117.17,On-time
SC-DEL-00578,2025-07-26 04:04:00,Saturday,4,Small,22.49,Suburban,Rainy,98.27,Delayed
SC-DEL-00579,2025-08-12 03:18:59,Tuesday,3,Small,27.54,Shopping Center,Rainy,103.55,On-time
SC-DEL-00580,2025-07-07 03:10:34,Monday,3,Large,5.68,Urban,Rainy,51.42,On-time
SC-DEL-00581,2025-07-15 03:12:42,Tuesday,3,Special,41.13,Industrial,Stormy,93.54,On-time
SC-DEL-00582,2025-07-12 08:47:40,Saturday,8,Special,8.19,Suburban,Snowy,56.58,On-time
SC-DEL-00583,2025-07-31 19:52:25,Thursday,19,Large,73.29,Suburban,Snowy,169.17,On-time
SC-DEL-00584,2025-08-18 05:35:25,Monday,5,Extra Large,27.44,Industrial,Snowy,102.43,On-time
SC-DEL-00585,2025-06-24 22:37:22,Tuesday,22,Large,22.53,Suburban,Snowy,76.48,On-time
SC-DEL-00586,2025-07-23 16:37:09,Wednesday,16,Small,43.92,Rural,Cloudy,103.15,On-time
SC-DEL-00587,2025-06-05 01:04:41,Thursday,1,Special,20.88,Rural,Cloudy,50.54,On-time
SC-DEL-00588,2025-06-26 08:43:27,Thursday,8,Special,59.67,Shopping Center,Sunny,129.10,On-time
SC-DEL-00589,2025-07-09 12:42:29,Wednesday,12,Small,32.38,Suburban,Snowy,69.44,On-time
SC-DEL-00590,2025-06-14 05:57:37,Saturday,5,Medium,34.38,Shopping Center,Cloudy,84.22,On-time
SC-DEL-00591,2025-08-18 08:35:33,Monday,8,Extra Large,25.63,Industrial,Sunny,79.56,On-time
SC-DEL-00592,2025-05-26 21:47:51,Monday,21,Large,33.34,Shopping Center,Stormy,61.58,On-time
SC-DEL-00593,2025-06-29 18:27:32,Sunday,18,Small,66.84,Shopping Center,Cloudy,125.07,On-time
SC-DEL-00594,2025-07-12 21:27:56,Saturday,21,Extra Large,38.36,Rural,Cloudy,95.10,On-time
SC-DEL-00595,2025-07-08 08:11:18,Tuesday,8,Small,22.27,Suburban,Cloudy,72.00,On-time
SC-DEL-00596,2025-07-18 15:29:25,Friday,15,Medium,63.76,Urban,Stormy,135.07,On-time
SC-DEL-00597,2025-07-18 07:43:27,Friday,7,Small,32.3,Rural,Cloudy,60.23,On-time
SC-DEL-00598,2025-06-22 20:00:24,Sunday,20,Special,71.71,Rural,Stormy,165.40,On-time
SC-DEL-00599,2025-07-25 09:11:46,Friday,9,Small,17.0,Shopping Center,Stormy,49.48,On-time
SC-DEL-00600,2025-06-23 09:22:09,Monday,9,Extra Large,17.23,Industrial,Stormy,72.21,On-time
SC-DEL-00601,2025-06-04 07:42:12,Wednesday,7,Large,32.01,Suburban,Cloudy,106.32,On-time
SC-DEL-00602,2025-06-19 07:25:55,Thursday,7,Small,13.66,Industrial,Stormy,67.04,On-time
SC-DEL-00603,2025-06-16 23:42:22,Monday,23,Small,53.49,Suburban,Sunny,102.40,On-time
SC-DEL-00604,2025-07-29 11:32:54,Tuesday,11,Special,31.95,Urban,Rainy,73.02,On-time
SC-DEL-00605,2025-06-24 10:40:24,Tuesday,10,Large,41.37,Shopping Center,Rainy,108.19,On-time
SC-DEL-00606,2025-06-18 11:27:26,Wednesday,11,Large,65.4,Urban,Snowy,142.28,On-time
SC-DEL-00607,2025-06-02 11:46:04,Monday,11,Large,67.34,Urban,Snowy,145.31,On-time
SC-DEL-00608,2025-06-07 03:31:27,Saturday,3,Special,68.1,Rural,Sunny,140.39,On-time
SC-DEL-00609,2025-07-05 15:40:37,Saturday,15,Large,10.24,Rural,Cloudy,62.00,On-time
SC-DEL-00610,2025-06-13 02:07:16,Friday,2,Medium,52.1,Suburban,Cloudy,135.10,On-time
SC-DEL-00611,2025-06-19 11:36:01,Thursday,11,Special,58.73,Suburban,Cloudy,151.47,On-time
SC-DEL-00612,2025-06-07 07:28:32,Saturday,7,Extra Large,24.16,Suburban,Sunny,84.07,On-time
SC-DEL-00613,2025-06-22 20:53:09,Sunday,20,Medium,30.0,Rural,Stormy,96.09,On-time
SC-DEL-00614,2025-06-06 07:46:32,Friday,7,Medium,13.31,Suburban,Cloudy,61.39,On-time
SC-DEL-00615,2025-07-11 21:44:52,Friday,21,Small,25.1,Industrial,Stormy,58.47,On-time
SC-DEL-00616,2025-05-27 08:19:38,Tuesday,8,Medium,47.24,Suburban,Rainy,110.55,On-time
SC-DEL-00617,2025-07-30 03:04:31,Wednesday,3,Small,63.07,Shopping Center,Sunny,122.27,On-time
SC-DEL-00618,2025-07-08 12:58:36,Tuesday,12,Special,41.36,Shopping Center,Rainy,116.04,On-time
SC-DEL-00619,2025-07-19 16:37:36,Saturday,16,Extra Large,26.7,Industrial,Stormy,57.32,On-time
SC-DEL-00620,2025-06-23 15:14:42,Monday,15,Special,60.62,Urban,Stormy,104.30,On-time
SC-DEL-00621,2025-08-12 22:16:53,Tuesday,22,Extra Large,17.08,Suburban,Cloudy,66.03,On-time
SC-DEL-00622,2025-06-15 10:56:33,Sunday,10,Large,4.6,Suburban,Rainy,54.22,On-time
SC-DEL-00623,2025-07-20 13:11:30,Sunday,13,Small,35.51,Industrial,Snowy,76.43,On-time
SC-DEL-00624,2025-08-16 21:49:33,Saturday,21,Medium,61.21,Urban,Stormy,104.03,On-time
SC-DEL-00625,2025-07-07 20:36:00,Monday,20,Medium,21.92,Rural,Cloudy,76.42,On-time
SC-DEL-00626,2025-07-25 12:32:12,Friday,12,Special,34.57,Rural,Rainy,68.56,On-time
SC-DEL-00627,2025-07-27 03:47:31,Sunday,3,Extra Large,37.23,Rural,Rainy,95.57,On-time
SC-DEL-00628,2025-08-05 01:55:24,Tuesday,1,Medium,20.25,Shopping Center,Sunny,50.57,On-time
SC-DEL-00629,2025-07-03 01:46:44,Thursday,1,Small,8.09,Shopping Center,Cloudy,38.56,On-time
SC-DEL-00630,2025-07-15 17:50:40,Tuesday,17,Special,34.95,Industrial,Rainy,66.32,On-time
SC-DEL-00631,2025-06-15 23:21:36,Sunday,23,Medium,47.21,Shopping Center,Rainy,110.29,On-time
SC-DEL-00632,2025-06-18 13:58:16,Wednesday,13,Large,58.47,Suburban,Cloudy,131.28,On-time
SC-DEL-00633,2025-05-29 06:35:27,Thursday,6,Large,43.21,Suburban,Stormy,112.06,On-time
SC-DEL-00634,2025-07-22 15:47:46,Tuesday,15,Extra Large,49.47,Rural,Rainy,94.19,On-time
SC-DEL-00635,2025-06-22 04:51:35,Sunday,4,Extra Large,56.49,Shopping Center,Cloudy,99.51,On-time
SC-DEL-00636,2025-07-18 12:09:37,Friday,12,Extra Large,58.24,Urban,Stormy,127.51,On-time
SC-DEL-00637,2025-06-24 10:50:04,Tuesday,10,Extra Large,66.2,Suburban,Rainy,129.29,On-time
SC-DEL-00638,2025-07-20 10:56:34,Sunday,10,Large,34.84,Industrial,Rainy,99.37,On-time
SC-DEL-00639,2025-06-18 10:35:29,Wednesday,10,Special,31.76,Urban,Stormy,59.48,On-time
SC-DEL-00640,2025-08-18 18:07:10,Monday,18,Extra Large,73.49,Rural,Cloudy,155.57,On-time
SC-DEL-00641,2025-07-06 05:36:20,Sunday,5,Small,55.39,Suburban,Snowy,124.07,On-time
SC-DEL-00642,2025-06-11 12:34:25,Wednesday,12,Large,42.41,Suburban,Stormy,113.13,On-time
SC-DEL-00643,2025-08-03 08:37:54,Sunday,8,Large,39.14,Shopping Center,Stormy,86.15,On-time
SC-DEL-00644,2025-06-16 10:01:01,Monday,10,Small,57.22,Rural,Sunny,143.37,Delayed
SC-DEL-00645,2025-07-30 18:41:58,Wednesday,18,Special,23.94,Rural,Sunny,82.40,On-time
SC-DEL-00646,2025-07-26 21:40:12,Saturday,21,Large,51.78,Rural,Stormy,124.49,On-time
SC-DEL-00647,2025-06-02 23:36:52,Monday,23,Large,56.81,Suburban,Sunny,149.02,On-time
SC-DEL-00648,2025-06-19 13:37:46,Thursday,13,Special,31.64,Rural,Stormy,101.06,On-time
SC-DEL-00649,2025-06-26 07:19:52,Thursday,7,Small,46.16,Shopping Center,Rainy,134.03,On-time
SC-DEL-00650,2025-06-10 05:43:14,Tuesday,5,Small,23.29,Suburban,Rainy,71.09,On-time
SC-DEL-00651,2025-06-20 15:13:42,Friday,15,Small,11.53,Urban,Cloudy,73.19,Delayed
SC-DEL-00652,2025-07-23 04:17:31,Wednesday,4,Medium,59.45,Rural,Snowy,129.39,On-time
SC-DEL-00653,2025-05-31 07:38:36,Saturday,7,Medium,73.4,Industrial,Stormy,142.56,On-time
SC-DEL-00654,2025-07-27 07:17:21,Sunday,7,Extra Large,14.54,Suburban,Snowy,66.01,On-time
SC-DEL-00655,2025-07-09 09:38:48,Wednesday,9,Extra Large,17.05,Suburban,Snowy,44.30,On-time
SC-DEL-00656,2025-07-26 14:10:16,Saturday,14,Special,12.23,Suburban,Stormy,39.57,On-time
SC-DEL-00657,2025-05-26 05:52:28,Monday,5,Medium,19.85,Rural,Stormy,53.13,On-time
SC-DEL-00658,2025-08-07 09:26:29,Thursday,9,Small,73.52,Industrial,Snowy,174.34,On-time
SC-DEL-00659,2025-06-10 08:23:36,Tuesday,8,Medium,7.61,Shopping Center,Snowy,48.42,On-time
SC-DEL-00660,2025-07-31 15:57:35,Thursday,15,Large,72.43,Industrial,Cloudy,134.40,On-time
SC-DEL-00661,2025-06-03 12:11:39,Tuesday,12,Small,25.66,Industrial,Cloudy,86.11,Delayed
SC-DEL-00662,2025-06-11 20:54:18,Wednesday,20,Extra Large,60.62,Shopping Center,Cloudy,115.34,On-time
SC-DEL-00663,2025-07-22 00:30:09,Tuesday,0,Small,68.31,Rural,Stormy,126.31,On-time
SC-DEL-00664,2025-07-30 14:05:28,Wednesday,14,Medium,70.04,Suburban,Stormy,134.27,On-time
SC-DEL-00665,2025-07-22 14:07:28,Tuesday,14,Special,40.72,Rural,Rainy,82.46,On-time
SC-DEL-00666,2025-07-23 07:53:58,Wednesday,7,Medium,39.55,Rural,Sunny,81.59,On-time
SC-DEL-00667,2025-08-06 16:17:10,Wednesday,16,Extra Large,16.94,Suburban,Sunny,68.20,On-time
SC-DEL-00668,2025-07-27 08:15:43,Sunday,8,Medium,63.77,Industrial,Snowy,125.04,On-time
SC-DEL-00669,2025-06-12 17:40:15,Thursday,17,Special,8.1,Rural,Sunny,32.34,On-time
SC-DEL-00670,2025-05-21 14:55:58,Wednesday,14,Large,61.79,Shopping Center,Cloudy,126.13,On-time
SC-DEL-00671,2025-05-26 21:44:32,Monday,21,Extra Large,38.17,Suburban,Stormy,89.58,On-time
SC-DEL-00672,2025-05-28 04:07:51,Wednesday,4,Special,66.21,Rural,Snowy,137.30,On-time
SC-DEL-00673,2025-07-25 16:56:54,Friday,16,Large,57.33,Shopping Center,Cloudy,135.31,On-time
SC-DEL-00674,2025-07-09 07:42:19,Wednesday,7,Large,51.96,Shopping Center,Snowy,111.37,On-time
SC-DEL-00675,2025-07-16 01:46:57,Wednesday,1,Special,32.21,Rural,Snowy,99.21,On-time
SC-DEL-00676,2025-07-30 20:09:59,Wednesday,20,Extra Large,43.35,Suburban,Snowy,109.59,On-time
SC-DEL-00677,2025-06-23 17:55:37,Monday,17,Small,43.33,Shopping Center,Snowy,100.04,On-time
SC-DEL-00678,2025-06-23 13:53:56,Monday,13,Large,58.5,Suburban,Sunny,125.22,On-time
SC-DEL-00679,2025-06-15 00:38:00,Sunday,0,Medium,47.07,Industrial,Stormy,101.57,On-time
SC-DEL-00680,2025-08-02 10:38:36,Saturday,10,Small,25.81,Urban,Sunny,101.08,Delayed
SC-DEL-00681,2025-08-14 08:49:21,Thursday,8,Special,48.61,Industrial,Snowy,91.28,On-time
SC-DEL-00682,2025-06-30 08:39:11,Monday,8,Small,27.66,Urban,Rainy,62.15,On-time
SC-DEL-00683,2025-07-23 13:11:51,Wednesday,13,Medium,67.48,Urban,Rainy,152.28,On-time
SC-DEL-00684,2025-06-28 05:46:42,Saturday,5,Small,19.0,Suburban,Sunny,61.02,Delayed
SC-DEL-00685,2025-07-29 02:45:17,Tuesday,2,Small,13.14,Urban,Snowy,31.19,On-time
SC-DEL-00686,2025-07-09 05:02:23,Wednesday,5,Special,2.83,Shopping Center,Rainy,37.51,On-time
SC-DEL-00687,2025-08-13 19:35:40,Wednesday,19,Small,29.97,Suburban,Sunny,58.04,On-time
SC-DEL-00688,2025-05-24 16:24:52,Saturday,16,Large,65.42,Industrial,Sunny,126.13,Delayed
SC-DEL-00689,2025-08-07 16:54:27,Thursday,16,Special,70.26,Industrial,Stormy,146.26,On-time
SC-DEL-00690,2025-06-30 15:35:57,Monday,15,Special,52.16,Urban,Cloudy,105.16,On-time
SC-DEL-00691,2025-06-07 23:37:09,Saturday,23,Small,64.57,Shopping Center,Sunny,110.16,On-time
SC-DEL-00692,2025-07-21 12:22:17,Monday,12,Special,21.26,Shopping Center,Stormy,43.02,On-time
SC-DEL-00693,2025-08-12 01:58:38,Tuesday,1,Small,65.11,Suburban,Rainy,107.49,On-time
SC-DEL-00694,2025-07-05 14:09:29,Saturday,14,Medium,13.85,Suburban,Cloudy,53.26,On-time
SC-DEL-00695,2025-06-23 15:35:29,Monday,15,Large,4.45,Industrial,Stormy,53.57,On-time
SC-DEL-00696,2025-07-03 11:24:24,Thursday,11,Small,47.77,Shopping Center,Stormy,101.24,On-time
SC-DEL-00697,2025-06-24 21:24:18,Tuesday,21,Extra Large,42.44,Industrial,Cloudy,109.04,On-time
SC-DEL-00698,2025-08-14 16:41:16,Thursday,16,Medium,51.87,Urban,Stormy,92.10,On-time
SC-DEL-00699,2025-06-04 04:31:49,Wednesday,4,Extra Large,51.96,Suburban,Cloudy,133.59,On-time
SC-DEL-00700,2025-07-09 23:44:49,Wednesday,23,Special,33.81,Shopping Center,Sunny,62.31,On-time
SC-DEL-00701,2025-08-02 10:14:34,Saturday,10,Large,24.84,Industrial,Sunny,100.54,Delayed
SC-DEL-00702,2025-06-15 12:42:35,Sunday,12,Medium,59.76,Rural,Snowy,128.07,On-time
SC-DEL-00703,2025-05-25 05:59:23,Sunday,5,Special,17.76,Shopping Center,Stormy,84.11,On-time
SC-DEL-00704,2025-08-05 04:15:33,Tuesday,4,Small,39.67,Shopping Center,Stormy,86.53,On-time
SC-DEL-00705,2025-07-05 19:47:46,Saturday,19,Special,7.23,Suburban,Rainy,68.08,On-time
SC-DEL-00706,2025-05-30 14:56:54,Friday,14,Medium,68.49,Rural,Snowy,113.32,On-time
SC-DEL-00707,2025-06-16 02:53:44,Monday,2,Medium,24.33,Urban,Rainy,73.59,On-time
SC-DEL-00708,2025-08-13 14:27:46,Wednesday,14,Medium,32.05,Urban,Cloudy,69.37,On-time
SC-DEL-00709,2025-06-11 13:06:04,Wednesday,13,Small,56.15,Suburban,Cloudy,95.10,On-time
SC-DEL-00710,2025-08-09 09:46:39,Saturday,9,Medium,11.79,Rural,Sunny,76.01,On-time
SC-DEL-00711,2025-07-31 11:25:04,Thursday,11,Small,37.34,Industrial,Snowy,112.10,On-time
SC-DEL-00712,2025-06-16 10:54:05,Monday,10,Special,5.43,Industrial,Sunny,58.02,On-time
SC-DEL-00713,2025-05-24 19:26:50,Saturday,19,Large,49.47,Shopping Center,Stormy,120.34,On-time
SC-DEL-00714,2025-08-09 03:47:52,Saturday,3,Special,66.91,Shopping Center,Snowy,132.41,On-time
SC-DEL-00715,2025-07-05 07:33:10,Saturday,7,Extra Large,38.09,Industrial,Cloudy,102.31,On-time
SC-DEL-00716,2025-08-04 14:10:13,Monday,14,Small,65.52,Suburban,Stormy,149.37,On-time
SC-DEL-00717,2025-06-10 23:24:35,Tuesday,23,Small,59.9,Urban,Sunny,138.16,On-time
SC-DEL-00718,2025-06-14 02:08:53,Saturday,2,Small,64.18,Urban,Stormy,128.19,On-time
SC-DEL-00719,2025-06-25 13:13:28,Wednesday,13,Large,6.9,Industrial,Rainy,33.34,On-time
SC-DEL-00720,2025-06-18 18:00:30,Wednesday,18,Medium,7.26,Industrial,Sunny,64.20,On-time
SC-DEL-00721,2025-07-22 09:58:48,Tuesday,9,Small,70.35,Urban,Snowy,137.58,On-time
SC-DEL-00722,2025-08-18 08:31:22,Monday,8,Special,47.82,Industrial,Sunny,135.19,On-time
SC-DEL-00723,2025-07-06 07:28:31,Sunday,7,Extra Large,17.88,Rural,Rainy,78.00,On-time
SC-DEL-00724,2025-06-08 23:15:43,Sunday,23,Special,60.6,Suburban,Stormy,104.01,On-time
SC-DEL-00725,2025-05-29 21:05:32,Thursday,21,Small,6.28,Rural,Sunny,63.38,On-time
SC-DEL-00726,2025-08-14 11:45:27,Thursday,11,Medium,29.16,Urban,Sunny,66.33,On-time
SC-DEL-00727,2025-05-28 00:14:16,Wednesday,0,Extra Large,8.43,Suburban,Sunny,50.05,On-time
SC-DEL-00728,2025-06-26 09:41:01,Thursday,9,Special,21.39,Urban,Sunny,70.06,On-time
SC-DEL-00729,2025-07-16 21:50:30,Wednesday,21,Special,37.85,Shopping Center,Cloudy,111.49,On-time
SC-DEL-00730,2025-08-15 11:15:59,Friday,11,Small,12.15,Rural,Cloudy,58.14,On-time
SC-DEL-00731,2025-08-16 03:09:16,Saturday,3,Special,58.67,Rural,Cloudy,147.10,On-time
SC-DEL-00732,2025-06-29 10:28:15,Sunday,10,Medium,49.26,Shopping Center,Stormy,89.40,On-time
SC-DEL-00733,2025-07-13 09:12:00,Sunday,9,Special,20.6,Urban,Sunny,51.57,On-time
SC-DEL-00734,2025-05-22 17:16:06,Thursday,17,Small,30.88,Urban,Sunny,85.07,On-time
SC-DEL-00735,2025-06-25 13:32:43,Wednesday,13,Small,32.56,Industrial,Rainy,62.38,On-time
SC-DEL-00736,2025-07-02 00:56:48,Wednesday,0,Medium,20.7,Shopping Center,Stormy,92.13,On-time
SC-DEL-00737,2025-07-09 20:03:37,Wednesday,20,Special,73.87,Shopping Center,Snowy,125.28,On-time
SC-DEL-00738,2025-07-23 03:43:05,Wednesday,3,Small,62.11,Shopping Center,Stormy,107.20,On-time
SC-DEL-00739,2025-07-23 15:06:16,Wednesday,15,Extra Large,17.61,Industrial,Snowy,51.07,On-time
SC-DEL-00740,2025-07-21 17:43:51,Monday,17,Extra Large,63.62,Shopping Center,Sunny,140.25,On-time
SC-DEL-00741,2025-05-24 23:22:07,Saturday,23,Small,58.03,Shopping Center,Rainy,132.16,On-time
SC-DEL-00742,2025-06-23 10:36:21,Monday,10,Large,28.68,Shopping Center,Cloudy,105.44,On-time
SC-DEL-00743,2025-07-12 19:21:16,Saturday,19,Extra Large,61.45,Urban,Snowy,151.55,On-time
SC-DEL-00744,2025-07-24 22:07:42,Thursday,22,Special,15.15,Industrial,Sunny,65.36,On-time
SC-DEL-00745,2025-08-05 12:15:18,Tuesday,12,Large,33.58,Suburban,Stormy,112.03,On-time
SC-DEL-00746,2025-06-03 00:11:18,Tuesday,0,Special,45.39,Urban,Snowy,110.47,On-time
SC-DEL-00747,2025-06-08 05:20:02,Sunday,5,Extra Large,61.29,Shopping Center,Sunny,113.54,On-time
SC-DEL-00748,2025-07-05 09:20:16,Saturday,9,Medium,35.38,Rural,Rainy,108.45,On-time
SC-DEL-00749,2025-07-17 02:06:29,Thursday,2,Special,72.11,Suburban,Stormy,169.20,On-time
SC-DEL-00750,2025-05-23 08:47:11,Friday,8,Medium,56.77,Rural,Rainy,123.52,On-time
SC-DEL-00751,2025-08-04 07:48:26,Monday,7,Small,51.81,Industrial,Snowy,115.21,On-time
SC-DEL-00752,2025-05-31 06:17:46,Saturday,6,Extra Large,12.41,Industrial,Sunny,76.29,On-time
SC-DEL-00753,2025-07-29 17:57:26,Tuesday,17,Special,29.98,Industrial,Snowy,69.58,On-time
SC-DEL-00754,2025-07-21 09:15:34,Monday,9,Extra Large,12.45,Suburban,Sunny,77.16,On-time
SC-DEL-00755,2025-08-16 08:25:26,Saturday,8,Special,62.44,Shopping Center,Stormy,117.52,On-time
SC-DEL-00756,2025-07-30 11:32:11,Wednesday,11,Large,14.04,Urban,Sunny,85.39,On-time
SC-DEL-00757,2025-07-20 18:43:41,Sunday,18,Small,39.4,Industrial,Snowy,114.10,On-time
SC-DEL-00758,2025-05-22 04:31:18,Thursday,4,Small,17.2,Rural,Sunny,90.42,Delayed
SC-DEL-00759,2025-08-07 09:09:42,Thursday,9,Extra Large,54.1,Urban,Snowy,108.47,On-time
SC-DEL-00760,2025-06-29 18:54:40,Sunday,18,Special,63.59,Urban,Cloudy,136.00,On-time
SC-DEL-00761,2025-06-17 11:23:03,Tuesday,11,Small,10.77,Suburban,Sunny,30.41,On-time
SC-DEL-00762,2025-07-06 04:37:07,Sunday,4,Medium,16.87,Industrial,Rainy,83.43,Delayed
SC-DEL-00763,2025-07-06 20:26:06,Sunday,20,Medium,31.29,Rural,Sunny,60.34,On-time
SC-DEL-00764,2025-06-08 02:46:06,Sunday,2,Special,34.26,Industrial,Sunny,81.16,On-time
SC-DEL-00765,2025-07-25 07:56:24,Friday,7,Extra Large,56.92,Urban,Sunny,134.30,On-time
SC-DEL-00766,2025-07-26 08:09:29,Saturday,8,Medium,72.19,Suburban,Rainy,118.42,On-time
SC-DEL-00767,2025-05-24 13:39:20,Saturday,13,Small,57.69,Industrial,Stormy,123.16,Delayed
SC-DEL-00768,2025-07-22 19:18:44,Tuesday,19,Small,58.43,Rural,Stormy,98.18,On-time
SC-DEL-00769,2025-08-18 08:59:33,Monday,8,Extra Large,61.54,Shopping Center,Sunny,118.41,On-time
SC-DEL-00770,2025-08-05 13:58:06,Tuesday,13,Medium,30.81,Suburban,Sunny,88.46,Delayed
SC-DEL-00771,2025-08-18 00:15:04,Monday,0,Large,47.55,Industrial,Cloudy,123.15,On-time
SC-DEL-00772,2025-06-19 06:23:38,Thursday,6,Small,45.24,Shopping Center,Snowy,124.35,On-time
SC-DEL-00773,2025-07-05 23:23:53,Saturday,23,Large,65.33,Shopping Center,Sunny,152.30,On-time
SC-DEL-00774,2025-05-25 23:14:04,Sunday,23,Large,25.75,Rural,Stormy,61.18,On-time
SC-DEL-00775,2025-06-13 00:31:32,Friday,0,Medium,4.28,Shopping Center,Cloudy,56.42,On-time
SC-DEL-00776,2025-06-03 19:59:37,Tuesday,19,Extra Large,24.13,Shopping Center,Rainy,92.25,On-time
SC-DEL-00777,2025-07-08 09:56:32,Tuesday,9,Special,37.92,Urban,Sunny,104.55,On-time
SC-DEL-00778,2025-05-21 10:21:18,Wednesday,10,Extra Large,17.96,Shopping Center,Cloudy,90.28,On-time
SC-DEL-00779,2025-07-17 23:19:36,Thursday,23,Medium,29.02,Shopping Center,Stormy,83.15,On-time
SC-DEL-00780,2025-08-17 06:13:35,Sunday,6,Extra Large,62.56,Industrial,Sunny,141.58,On-time
SC-DEL-00781,2025-05-29 19:09:04,Thursday,19,Large,37.86,Industrial,Sunny,91.27,On-time
SC-DEL-00782,2025-06-04 23:59:53,Wednesday,23,Small,52.66,Shopping Center,Snowy,111.32,On-time
SC-DEL-00783,2025-08-05 12:25:31,Tuesday,12,Extra Large,50.45,Rural,Stormy,88.50,On-time
SC-DEL-00784,2025-06-13 15:21:46,Friday,15,Small,12.78,Shopping Center,Snowy,42.51,On-time
SC-DEL-00785,2025-07-22 00:54:13,Tuesday,0,Small,34.71,Industrial,Stormy,72.47,On-time
SC-DEL-00786,2025-08-11 13:45:34,Monday,13,Large,21.25,Urban,Cloudy,93.19,On-time
SC-DEL-00787,2025-05-27 11:00:00,Tuesday,11,Small,31.95,Industrial,Snowy,76.26,On-time
SC-DEL-00788,2025-05-26 09:32:34,Monday,9,Special,20.63,Rural,Sunny,81.37,On-time
SC-DEL-00789,2025-08-12 05:43:56,Tuesday,5,Large,63.76,Rural,Sunny,120.02,On-time
SC-DEL-00790,2025-05-31 09:06:14,Saturday,9,Medium,15.39,Shopping Center,Sunny,37.01,On-time
SC-DEL-00791,2025-06-09 01:13:15,Monday,1,Medium,5.45,Industrial,Snowy,63.42,On-time
SC-DEL-00792,2025-08-16 05:07:08,Saturday,5,Special,61.61,Industrial,Stormy,118.12,On-time
SC-DEL-00793,2025-07-26 12:37:49,Saturday,12,Special,21.77,Urban,Rainy,67.09,On-time
SC-DEL-00794,2025-05-28 17:04:57,Wednesday,17,Medium,64.18,Rural,Cloudy,141.25,On-time
SC-DEL-00795,2025-06-05 01:37:13,Thursday,1,Small,31.23,Rural,Cloudy,108.54,On-time
SC-DEL-00796,2025-08-07 21:28:53,Thursday,21,Small,19.61,Urban,Sunny,62.16,On-time
SC-DEL-00797,2025-08-16 23:08:38,Saturday,23,Medium,11.43,Rural,Rainy,48.58,On-time
SC-DEL-00798,2025-07-24 22:35:57,Thursday,22,Extra Large,18.13,Shopping Center,Sunny,49.39,On-time
SC-DEL-00799,2025-06-19 21:07:38,Thursday,21,Extra Large,72.25,Rural,Sunny,153.31,On-time
SC-DEL-00800,2025-05-26 17:25:19,Monday,17,Large,21.71,Industrial,Rainy,89.27,On-time
SC-DEL-00801,2025-07-17 23:06:16,Thursday,23,Special,32.01,Shopping Center,Stormy,89.49,On-time
SC-DEL-00802,2025-07-02 17:10:56,Wednesday,17,Medium,13.17,Shopping Center,Cloudy,76.35,On-time
SC-DEL-00803,2025-06-17 09:29:05,Tuesday,9,Large,21.2,Industrial,Sunny,74.06,On-time
SC-DEL-00804,2025-06-27 12:26:51,Friday,12,Extra Large,6.82,Industrial,Cloudy,20.51,On-time
SC-DEL-00805,2025-07-17 19:21:37,Thursday,19,Small,38.06,Rural,Sunny,117.54,On-time
SC-DEL-00806,2025-07-18 15:04:33,Friday,15,Extra Large,68.49,Industrial,Stormy,115.07,On-time
SC-DEL-00807,2025-08-16 22:39:42,Saturday,22,Extra Large,18.94,Industrial,Stormy,43.25,On-time
SC-DEL-00808,2025-08-06 18:28:10,Wednesday,18,Extra Large,32.69,Industrial,Rainy,111.13,On-time
SC-DEL-00809,2025-07-30 06:03:52,Wednesday,6,Extra Large,74.95,Urban,Stormy,126.07,On-time
SC-DEL-00810,2025-08-02 18:50:43,Saturday,18,Extra Large,62.12,Urban,Sunny,122.32,On-time
SC-DEL-00811,2025-07-18 15:14:04,Friday,15,Small,39.66,Rural,Stormy,95.06,On-time
SC-DEL-00812,2025-05-23 17:54:14,Friday,17,Large,51.61,Urban,Sunny,118.14,On-time
SC-DEL-00813,2025-06-11 03:40:14,Wednesday,3,Special,36.38,Suburban,Rainy,117.03,On-time
SC-DEL-00814,2025-08-18 20:11:30,Monday,20,Extra Large,64.19,Rural,Sunny,124.57,On-time
SC-DEL-00815,2025-07-17 05:25:38,Thursday,5,Special,74.96,Industrial,Sunny,170.09,On-time
SC-DEL-00816,2025-08-16 03:56:22,Saturday,3,Medium,54.08,Rural,Cloudy,139.05,On-time
SC-DEL-00817,2025-07-01 08:31:50,Tuesday,8,Small,19.92,Industrial,Sunny,93.02,Delayed
SC-DEL-00818,2025-07-17 20:30:27,Thursday,20,Small,29.69,Shopping Center,Stormy,73.35,On-time
SC-DEL-00819,2025-06-18 13:08:26,Wednesday,13,Large,71.33,Industrial,Cloudy,171.56,Delayed
SC-DEL-00820,2025-06-22 16:22:59,Sunday,16,Extra Large,62.54,Rural,Cloudy,114.33,On-time
SC-DEL-00821,2025-07-11 13:13:20,Friday,13,Large,57.22,Urban,Stormy,136.11,On-time
SC-DEL-00822,2025-06-22 13:08:31,Sunday,13,Medium,57.69,Industrial,Stormy,149.37,Delayed
SC-DEL-00823,2025-05-21 16:47:16,Wednesday,16,Large,9.03,Rural,Sunny,48.01,On-time
SC-DEL-00824,2025-08-01 06:49:27,Friday,6,Extra Large,30.76,Suburban,Sunny,79.40,On-time
SC-DEL-00825,2025-07-03 05:09:43,Thursday,5,Small,5.15,Industrial,Snowy,52.02,On-time
SC-DEL-00826,2025-07-14 22:32:26,Monday,22,Large,42.71,Rural,Cloudy,124.32,On-time
SC-DEL-00827,2025-08-03 03:58:50,Sunday,3,Medium,5.29,Shopping Center,Rainy,52.27,On-time
SC-DEL-00828,2025-08-04 02:53:12,Monday,2,Medium,20.18,Suburban,Stormy,72.57,On-time
SC-DEL-00829,2025-06-13 07:16:50,Friday,7,Large,43.17,Urban,Cloudy,113.22,On-time
SC-DEL-00830,2025-07-24 08:03:11,Thursday,8,Small,74.41,Industrial,Snowy,138.28,On-time
SC-DEL-00831,2025-06-18 06:22:24,Wednesday,6,Medium,62.04,Urban,Stormy,131.16,On-time
SC-DEL-00832,2025-07-04 10:41:40,Friday,10,Medium,62.86,Suburban,Cloudy,114.31,On-time
SC-DEL-00833,2025-07-14 19:42:09,Monday,19,Extra Large,29.5,Urban,Snowy,64.36,On-time
SC-DEL-00834,2025-05-29 15:36:00,Thursday,15,Medium,35.72,Urban,Stormy,82.30,On-time
SC-DEL-00835,2025-07-14 03:36:47,Monday,3,Special,70.25,Industrial,Stormy,163.46,On-time
SC-DEL-00836,2025-06-30 07:41:56,Monday,7,Large,47.54,Suburban,Stormy,100.23,On-time
SC-DEL-00837,2025-07-14 11:01:16,Monday,11,Large,57.72,Shopping Center,Snowy,127.52,On-time
SC-DEL-00838,2025-08-15 22:45:08,Friday,22,Special,23.78,Urban,Stormy,77.53,On-time
SC-DEL-00839,2025-08-02 21:55:06,Saturday,21,Special,57.17,Industrial,Snowy,103.25,On-time
SC-DEL-00840,2025-05-28 18:54:42,Wednesday,18,Special,36.71,Rural,Stormy,86.10,On-time
SC-DEL-00841,2025-08-13 15:19:05,Wednesday,15,Medium,59.42,Suburban,Rainy,112.19,On-time
SC-DEL-00842,2025-06-13 12:51:04,Friday,12,Medium,1.88,Suburban,Rainy,18.00,On-time
SC-DEL-00843,2025-07-19 02:51:24,Saturday,2,Small,70.71,Urban,Sunny,126.10,On-time
SC-DEL-00844,2025-06-06 17:07:47,Friday,17,Large,19.21,Urban,Snowy,52.18,On-time
SC-DEL-00845,2025-08-10 04:17:12,Sunday,4,Small,44.52,Urban,Cloudy,125.55,Delayed
SC-DEL-00846,2025-07-14 05:41:37,Monday,5,Large,68.53,Shopping Center,Snowy,151.17,On-time
SC-DEL-00847,2025-06-21 11:46:22,Saturday,11,Small,9.84,Industrial,Rainy,73.58,Delayed
SC-DEL-00848,2025-08-15 20:13:10,Friday,20,Medium,5.47,Suburban,Snowy,21.53,On-time
SC-DEL-00849,2025-08-14 20:20:21,Thursday,20,Medium,32.26,Suburban,Stormy,96.16,On-time
SC-DEL-00850,2025-06-02 23:11:57,Monday,23,Small,73.15,Shopping Center,Sunny,138.41,On-time
SC-DEL-00851,2025-06-06 06:44:02,Friday,6,Large,48.0,Rural,Rainy,116.34,On-time
SC-DEL-00852,2025-08-12 03:51:28,Tuesday,3,Special,23.14,Suburban,Rainy,54.39,On-time
SC-DEL-00853,2025-07-20 08:36:21,Sunday,8,Extra Large,49.75,Urban,Rainy,115.46,On-time
SC-DEL-00854,2025-08-02 05:25:18,Saturday,5,Special,27.93,Industrial,Sunny,68.07,On-time
SC-DEL-00855,2025-07-11 05:18:49,Friday,5,Medium,62.61,Rural,Sunny,146.02,On-time
SC-DEL-00856,2025-07-02 18:43:28,Wednesday,18,Large,56.01,Suburban,Rainy,134.16,On-time
SC-DEL-00857,2025-06-16 01:45:29,Monday,1,Medium,19.96,Urban,Rainy,55.13,On-time
SC-DEL-00858,2025-05-28 10:24:48,Wednesday,10,Large,69.6,Suburban,Sunny,136.27,On-time
SC-DEL-00859,2025-06-12 20:35:59,Thursday,20,Small,50.91,Shopping Center,Rainy,130.24,On-time
SC-DEL-00860,2025-07-31 01:35:24,Thursday,1,Special,70.7,Suburban,Sunny,158.01,On-time
SC-DEL-00861,2025-08-10 08:02:19,Sunday,8,Small,5.94,Industrial,Rainy,71.48,Delayed
SC-DEL-00862,2025-06-28 17:11:15,Saturday,17,Medium,47.23,Urban,Snowy,92.20,On-time
SC-DEL-00863,2025-07-10 14:11:06,Thursday,14,Extra Large,34.53,Industrial,Snowy,89.45,On-time
SC-DEL-00864,2025-08-04 11:29:46,Monday,11,Large,35.64,Suburban,Cloudy,103.31,On-time
SC-DEL-00865,2025-08-07 18:45:16,Thursday,18,Large,16.68,Urban,Snowy,77.39,On-time
SC-DEL-00866,2025-05-21 22:14:45,Wednesday,22,Medium,18.73,Urban,Cloudy,53.23,On-time
SC-DEL-00867,2025-06-23 14:49:05,Monday,14,Special,66.12,Urban,Sunny,149.18,On-time
SC-DEL-00868,2025-08-09 23:42:59,Saturday,23,Special,73.92,Suburban,Rainy,157.34,On-time
SC-DEL-00869,2025-08-05 20:05:51,Tuesday,20,Special,4.54,Suburban,Stormy,69.13,On-time
SC-DEL-00870,2025-07-31 09:01:14,Thursday,9,Large,73.68,Shopping Center,Sunny,135.21,On-time
SC-DEL-00871,2025-08-06 20:16:34,Wednesday,20,Extra Large,44.58,Shopping Center,Cloudy,84.16,On-time
SC-DEL-00872,2025-07-27 13:06:16,Sunday,13,Medium,5.48,Urban,Snowy,58.53,On-time
SC-DEL-00873,2025-07-22 10:12:04,Tuesday,10,Small,46.31,Urban,Stormy,81.47,On-time
SC-DEL-00874,2025-08-06 10:57:43,Wednesday,10,Small,49.91,Industrial,Rainy,123.28,Delayed
SC-DEL-00875,2025-07-28 05:38:06,Monday,5,Small,43.15,Urban,Stormy,90.12,On-time
SC-DEL-00876,2025-05-31 04:06:01,Saturday,4,Medium,31.94,Industrial,Rainy,82.47,On-time
SC-DEL-00877,2025-06-03 11:48:49,Tuesday,11,Medium,1.95,Shopping Center,Snowy,41.00,On-time
SC-DEL-00878,2025-07-04 19:03:29,Friday,19,Extra Large,22.5,Suburban,Rainy,80.22,On-time
SC-DEL-00879,2025-06-05 12:17:56,Thursday,12,Medium,53.32,Suburban,Snowy,111.09,On-time
SC-DEL-00880,2025-07-14 23:13:50,Monday,23,Medium,7.77,Urban,Sunny,54.45,On-time
SC-DEL-00881,2025-08-09 06:16:05,Saturday,6,Large,26.01,Suburban,Snowy,103.25,On-time
SC-DEL-00882,2025-08-14 12:48:51,Thursday,12,Medium,8.26,Suburban,Snowy,25.14,On-time
SC-DEL-00883,2025-06-09 07:52:08,Monday,7,Large,67.43,Industrial,Cloudy,122.16,On-time
SC-DEL-00884,2025-06-11 18:04:37,Wednesday,18,Small,1.24,Urban,Snowy,38.57,On-time
SC-DEL-00885,2025-05-31 12:41:29,Saturday,12,Medium,40.3,Suburban,Stormy,108.07,On-time
SC-DEL-00886,2025-05-26 01:57:17,Monday,1,Medium,10.41,Rural,Stormy,55.50,On-time
SC-DEL-00887,2025-07-26 14:15:04,Saturday,14,Special,5.27,Industrial,Stormy,37.24,On-time
SC-DEL-00888,2025-07-01 17:11:28,Tuesday,17,Large,51.58,Industrial,Stormy,127.54,On-time
SC-DEL-00889,2025-07-02 19:15:59,Wednesday,19,Special,16.43,Shopping Center,Rainy,38.03,On-time
SC-DEL-00890,2025-07-26 17:08:10,Saturday,17,Small,66.17,Industrial,Cloudy,145.50,Delayed
SC-DEL-00891,2025-06-18 11:49:19,Wednesday,11,Medium,45.75,Urban,Snowy,124.19,On-time
SC-DEL-00892,2025-06-03 00:11:34,Tuesday,0,Large,19.97,Urban,Snowy,82.35,On-time
SC-DEL-00893,2025-07-15 03:51:08,Tuesday,3,Extra Large,34.61,Suburban,Stormy,99.55,On-time
SC-DEL-00894,2025-06-27 14:31:37,Friday,14,Extra Large,22.7,Rural,Snowy,68.10,On-time
SC-DEL-00895,2025-07-04 04:49:51,Friday,4,Extra Large,16.4,Shopping Center,Rainy,59.17,On-time
SC-DEL-00896,2025-06-30 07:35:41,Monday,7,Extra Large,47.85,Industrial,Stormy,126.34,On-time
SC-DEL-00897,2025-06-27 20:50:58,Friday,20,Special,41.37,Suburban,Stormy,116.04,On-time
SC-DEL-00898,2025-06-03 19:22:53,Tuesday,19,Small,52.79,Shopping Center,Rainy,122.18,On-time
SC-DEL-00899,2025-07-04 13:05:22,Friday,13,Medium,60.37,Rural,Sunny,117.12,On-time
SC-DEL-00900,2025-08-07 06:18:28,Thursday,6,Special,45.9,Shopping Center,Cloudy,125.47,On-time
SC-DEL-00901,2025-06-01 00:21:53,Sunday,0,Medium,17.33,Urban,Sunny,77.39,On-time
SC-DEL-00902,2025-05-24 14:14:27,Saturday,14,Small,63.52,Rural,Cloudy,114.19,On-time
SC-DEL-00903,2025-08-08 13:38:28,Friday,13,Medium,57.47,Urban,Cloudy,138.03,On-time
SC-DEL-00904,2025-07-18 09:38:31,Friday,9,Special,28.89,Rural,Rainy,95.54,On-time
SC-DEL-00905,2025-07-10 18:46:25,Thursday,18,Extra Large,57.81,Urban,Rainy,141.53,On-time
SC-DEL-00906,2025-08-16 21:38:31,Saturday,21,Special,60.16,Urban,Stormy,132.21,On-time
SC-DEL-00907,2025-06-05 05:24:42,Thursday,5,Medium,21.06,Industrial,Snowy,47.17,On-time
SC-DEL-00908,2025-07-24 15:52:22,Thursday,15,Small,26.55,Urban,Stormy,65.56,On-time
SC-DEL-00909,2025-06-14 14:40:27,Saturday,14,Special,22.38,Industrial,Rainy,79.49,On-time
SC-DEL-00910,2025-06-16 17:14:09,Monday,17,Extra Large,17.57,Urban,Cloudy,84.12,On-time
SC-DEL-00911,2025-07-11 06:08:46,Friday,6,Extra Large,63.0,Shopping Center,Cloudy,135.10,On-time
SC-DEL-00912,2025-08-17 14:52:42,Sunday,14,Medium,42.01,Industrial,Cloudy,75.10,On-time
SC-DEL-00913,2025-08-02 22:28:13,Saturday,22,Extra Large,19.19,Urban,Stormy,58.53,On-time
SC-DEL-00914,2025-06-28 16:44:43,Saturday,16,Small,51.86,Shopping Center,Cloudy,98.17,On-time
SC-DEL-00915,2025-07-25 08:54:43,Friday,8,Large,16.36,Urban,Sunny,62.45,On-time
SC-DEL-00916,2025-06-13 07:32:34,Friday,7,Large,23.16,Rural,Cloudy,51.20,On-time
SC-DEL-00917,2025-05-26 08:14:38,Monday,8,Medium,47.65,Shopping Center,Rainy,105.27,On-time
SC-DEL-00918,2025-08-18 13:44:59,Monday,13,Large,53.58,Suburban,Snowy,96.52,On-time
SC-DEL-00919,2025-08-18 04:04:54,Monday,4,Special,63.92,Suburban,Sunny,158.07,On-time
SC-DEL-00920,2025-06-06 06:47:43,Friday,6,Small,11.92,Rural,Rainy,63.16,On-time
SC-DEL-00921,2025-06-13 09:01:40,Friday,9,Extra Large,18.54,Shopping Center,Snowy,66.47,On-time
SC-DEL-00922,2025-08-07 04:03:46,Thursday,4,Special,28.29,Shopping Center,Stormy,66.19,On-time
SC-DEL-00923,2025-06-21 12:13:06,Saturday,12,Small,43.88,Urban,Snowy,122.49,On-time
SC-DEL-00924,2025-06-27 02:41:16,Friday,2,Special,64.9,Urban,Rainy,114.03,On-time
SC-DEL-00925,2025-06-21 14:35:06,Saturday,14,Medium,13.04,Suburban,Rainy,50.12,On-time
SC-DEL-00926,2025-08-04 18:42:25,Monday,18,Extra Large,53.34,Urban,Rainy,141.47,On-time
SC-DEL-00927,2025-05-21 21:21:33,Wednesday,21,Large,56.29,Shopping Center,Rainy,131.15,On-time
SC-DEL-00928,2025-06-06 09:21:51,Friday,9,Large,53.74,Industrial,Snowy,100.49,On-time
SC-DEL-00929,2025-06-11 15:46:02,Wednesday,15,Extra Large,57.14,Shopping Center,Rainy,115.30,On-time
SC-DEL-00930,2025-08-07 22:41:24,Thursday,22,Special,63.78,Industrial,Snowy,134.37,On-time
SC-DEL-00931,2025-05-31 08:43:58,Saturday,8,Small,60.04,Rural,Sunny,129.48,On-time
SC-DEL-00932,2025-07-31 18:40:43,Thursday,18,Special,32.71,Shopping Center,Sunny,69.45,On-time
SC-DEL-00933,2025-08-17 20:15:14,Sunday,20,Medium,60.63,Urban,Sunny,146.24,On-time
SC-DEL-00934,2025-07-25 07:17:28,Friday,7,Extra Large,41.42,Suburban,Sunny,90.25,On-time
SC-DEL-00935,2025-06-18 21:54:51,Wednesday,21,Special,25.83,Urban,Stormy,101.54,On-time
SC-DEL-00936,2025-07-24 13:38:41,Thursday,13,Extra Large,19.18,Suburban,Snowy,70.15,On-time
SC-DEL-00937,2025-05-30 21:34:03,Friday,21,Large,52.33,Rural,Sunny,113.40,On-time
SC-DEL-00938,2025-06-12 20:27:04,Thursday,20,Medium,52.43,Shopping Center,Rainy,88.45,On-time
SC-DEL-00939,2025-06-22 21:49:06,Sunday,21,Extra Large,41.17,Rural,Rainy,89.07,On-time
SC-DEL-00940,2025-07-17 17:59:53,Thursday,17,Extra Large,12.65,Rural,Cloudy,79.08,On-time
SC-DEL-00941,2025-06-25 14:46:34,Wednesday,14,Medium,70.57,Urban,Rainy,131.56,On-time
SC-DEL-00942,2025-05-24 20:02:21,Saturday,20,Special,24.95,Rural,Sunny,96.04,On-time
SC-DEL-00943,2025-06-22 14:03:34,Sunday,14,Medium,3.46,Industrial,Snowy,40.50,On-time
SC-DEL-00944,2025-08-12 15:30:55,Tuesday,15,Medium,73.8,Urban,Snowy,171.44,On-time
SC-DEL-00945,2025-07-17 20:32:11,Thursday,20,Large,9.73,Industrial,Stormy,43.31,On-time
SC-DEL-00946,2025-05-21 16:16:34,Wednesday,16,Small,30.47,Industrial,Sunny,109.02,Delayed
SC-DEL-00947,2025-05-24 01:37:47,Saturday,1,Special,48.11,Suburban,Cloudy,95.48,On-time
SC-DEL-00948,2025-06-03 10:08:25,Tuesday,10,Extra Large,45.41,Industrial,Rainy,107.45,On-time
SC-DEL-00949,2025-07-09 06:55:11,Wednesday,6,Extra Large,12.88,Suburban,Sunny,53.46,On-time
SC-DEL-00950,2025-05-27 13:59:03,Tuesday,13,Extra Large,25.93,Rural,Sunny,53.13,On-time
SC-DEL-00951,2025-07-04 13:03:06,Friday,13,Special,20.87,Rural,Sunny,58.42,On-time
SC-DEL-00952,2025-05-28 18:55:01,Wednesday,18,Large,40.02,Urban,Stormy,121.21,On-time
SC-DEL-00953,2025-08-19 00:33:02,Tuesday,0,Special,60.06,Suburban,Unknown,145.35,On-time
SC-DEL-00954,2025-06-11 09:59:28,Wednesday,9,Special,12.17,Suburban,Sunny,39.04,On-time
SC-DEL-00955,2025-08-09 16:19:43,Saturday,16,Special,39.79,Urban,Cloudy,104.22,On-time
SC-DEL-00956,2025-05-31 01:13:38,Saturday,1,Large,10.57,Shopping Center,Cloudy,45.32,On-time
SC-DEL-00957,2025-05-30 05:36:08,Friday,5,Small,11.34,Industrial,Rainy,55.34,On-time
SC-DEL-00958,2025-08-02 03:31:20,Saturday,3,Large,14.68,Urban,Sunny,86.36,On-time
SC-DEL-00959,2025-06-30 13:42:01,Monday,13,Special,21.47,Suburban,Rainy,56.44,On-time
SC-DEL-00960,2025-08-03 14:20:20,Sunday,14,Special,8.43,Rural,Stormy,75.17,On-time
SC-DEL-00961,2025-07-28 14:29:44,Monday,14,Medium,24.61,Suburban,Cloudy,65.53,On-time
SC-DEL-00962,2025-07-24 15:29:34,Thursday,15,Small,14.53,Rural,Stormy,35.30,On-time
SC-DEL-00963,2025-06-22 03:05:26,Sunday,3,Extra Large,18.37,Rural,Sunny,59.19,On-time
SC-DEL-00964,2025-06-02 11:50:23,Monday,11,Large,3.31,Suburban,Snowy,28.13,On-time
SC-DEL-00965,2025-06-25 20:08:58,Wednesday,20,Extra Large,48.76,Urban,Stormy,86.10,On-time
SC-DEL-00966,2025-06-17 21:49:46,Tuesday,21,Small,33.34,Shopping Center,Sunny,105.33,On-time
SC-DEL-00967,2025-06-15 17:44:42,Sunday,17,Extra Large,53.24,Rural,Sunny,97.43,On-time
SC-DEL-00968,2025-07-15 00:05:52,Tuesday,0,Special,20.2,Suburban,Stormy,44.29,On-time
SC-DEL-00969,2025-07-06 07:36:49,Sunday,7,Small,6.35,Shopping Center,Rainy,49.49,On-time
SC-DEL-00970,2025-07-14 07:20:54,Monday,7,Large,72.9,Rural,Sunny,135.05,On-time
SC-DEL-00971,2025-05-24 11:40:13,Saturday,11,Special,37.77,Shopping Center,Rainy,92.39,On-time
SC-DEL-00972,2025-07-06 20:36:25,Sunday,20,Medium,55.83,Suburban,Sunny,112.50,On-time
SC-DEL-00973,2025-07-16 16:21:53,Wednesday,16,Large,14.85,Suburban,Stormy,53.23,On-time
SC-DEL-00974,2025-08-01 03:46:15,Friday,3,Large,35.44,Industrial,Rainy,90.24,On-time
SC-DEL-00975,2025-08-15 06:47:08,Friday,6,Medium,57.32,Suburban,Rainy,122.50,On-time
SC-DEL-00976,2025-06-28 07:23:42,Saturday,7,Large,2.13,Industrial,Cloudy,53.51,On-time
SC-DEL-00977,2025-07-09 10:48:26,Wednesday,10,Large,52.98,Suburban,Snowy,140.14,On-time
SC-DEL-00978,2025-05-27 17:28:34,Tuesday,17,Special,60.42,Industrial,Rainy,141.03,On-time
SC-DEL-00979,2025-06-22 11:05:07,Sunday,11,Extra Large,24.71,Industrial,Cloudy,83.32,On-time
SC-DEL-00980,2025-05-29 12:04:55,Thursday,12,Medium,66.62,Industrial,Sunny,148.45,Delayed
SC-DEL-00981,2025-06-14 06:44:47,Saturday,6,Medium,9.57,Suburban,Cloudy,39.43,On-time
SC-DEL-00982,2025-07-28 02:50:25,Monday,2,Extra Large,72.21,Industrial,Rainy,134.20,On-time
SC-DEL-00983,2025-06-18 14:28:58,Wednesday,14,Medium,19.57,Urban,Sunny,57.16,On-time
SC-DEL-00984,2025-06-13 21:50:29,Friday,21,Medium,9.41,Shopping Center,Rainy,71.48,On-time
SC-DEL-00985,2025-06-03 13:14:16,Tuesday,13,Medium,41.51,Shopping Center,Sunny,77.45,On-time
SC-DEL-00986,2025-07-26 02:49:58,Saturday,2,Extra Large,60.31,Industrial,Sunny,154.54,On-time
SC-DEL-00987,2025-06-22 08:08:30,Sunday,8,Medium,58.37,Industrial,Cloudy,126.57,Delayed
SC-DEL-00988,2025-05-23 22:16:12,Friday,22,Large,45.48,Shopping Center,Rainy,127.21,On-time
SC-DEL-00989,2025-05-30 18:50:40,Friday,18,Large,56.12,Shopping Center,Snowy,136.59,On-time
SC-DEL-00990,2025-07-04 02:42:04,Friday,2,Special,1.84,Shopping Center,Rainy,20.52,On-time
SC-DEL-00991,2025-08-02 11:21:15,Saturday,11,Special,28.23,Suburban,Rainy,76.39,On-time
SC-DEL-00992,2025-07-28 16:48:12,Monday,16,Medium,72.87,Urban,Snowy,136.31,On-time
SC-DEL-00993,2025-06-19 12:42:38,Thursday,12,Large,53.37,Shopping Center,Snowy,135.03,On-time
SC-DEL-00994,2025-06-13 01:27:52,Friday,1,Medium,30.6,Urban,Cloudy,81.53,On-time
SC-DEL-00995,2025-08-11 21:44:17,Monday,21,Small,52.2,Urban,Sunny,103.05,On-time
SC-DEL-00996,2025-07-10 08:23:02,Thursday,8,Special,56.13,Industrial,Sunny,149.05,On-time
SC-DEL-00997,2025-07-22 03:35:02,Tuesday,3,Large,43.63,Urban,Stormy,76.44,On-time
SC-DEL-00998,2025-07-09 19:54:09,Wednesday,19,Large,44.78,Shopping Center,Rainy,84.32,On-time
SC-DEL-00999,2025-06-13 14:28:34,Friday,14,Special,73.69,Rural,Stormy,124.50,On-time
SC-DEL-01000,2025-08-01 11:43:04,Friday,11,Special,68.05,Urban,Snowy,138.18,On-time
